State,Group Entity,Centre Code,Centre Name,Status,Rent Commencement Date,Agreement Start Date,Agreement End Date ,Term ,Monthly Rent Amount (in Rs.),Security Deposit Amount (in Rs.),Expiry Alert,Advance Rent (in Months),GST/ TDS  Applicability,RCM Applicability ,Latest Rent Agreement,Property Address,Property Owner,Mobile Number (Property Owner),Notice Period,Title document,GST Certificate,Centre Closing Date,Insurance Expiry date,Shop and Establishment,Old Rent Agreements,,,,,,Remarks,Calendar Event Created,Alert Stage Sent,Insurance Alert Stage Sent
MP,AW,MP056,Gadarwara,Active ,12-Aug-2026,12-Aug-2026,11-Jun-2027,11 Months,"17,000","17,000",,-,,,https://drive.google.com/file/d/1AL8rz-v21oxW2ARj9iVI4uu4jYo2jXnk/view?usp=sharing,"Mauja, Rajiv Ward Gadarwara No. 119, P.H. NO. 99/18/1, block Sai kheda, Narsinghpur, Madhya Pradesh",Purohit Kumar Dimole,,1 month,,Updation under process,,,Pending,,,,,,,,,,
MH,AW,MH024,Akluj,Active ,21-Aug-2026,21-Aug-2026,20-Jul-2027,11 Months,"13,011","13,011",,-,,,https://drive.google.com/file/d/1tI3iiiO4CKL62HJtBgsQVbaxHcVHcGXS/view?usp=sharing,"Survey no.81/2/A/P/12, Village Malewadi (A), near Grampanchayat Office, Sayajiraje Nagar, Akluj, Taluka Malshiras, District Solapur, Maharashtra-413101",Shivaji Balasaheb Patil,,1 month,,Updation under process,,,Akluj S&E.pdf,,,,,,,,,,
GJ,AW,GJ007,Kheda,Active ,16-Aug-2026,16-Aug-2026,15-Jul-2027,11 Months,"17,000","17,000",,-,Yes,,https://drive.google.com/file/d/1r6brhUIEOmOQeydK2TE48ngnesyiuPTo/view?usp=sharing,"Hariyala, Survey No. 48, Village- Hariyala, Taluka- Matar, Dist.- Kheda , Gujarat - 387570",Chavda Khengarhbhai Karshanbhai,,1 month,,Updation under process,,,Pending,,,,,,,,,,
MH,AW,MH023,Rahuri,Active ,15-Aug-2026,15-Aug-2026,16-Jul-2027,11 Months,"15,500","15,000",,-,,,https://drive.google.com/file/d/1AEMdbrAR7151hSgb_Mx7bHhXNUBY1neX/view?usp=sharing,"Gat/Survey no. 369/1, Gram Rahuri Budruk, Taluka Rahuri, Jila Ahmednagar,  Maharashtra",Bhausaheb Rangnath saite,,1 month,,Updation under process,,,Ruhari S&E.pdf,,,,,,,,,,
MP,AW,MP055,Jaora,Active ,10-Aug-2026,10-Aug-2026,9-Jul-2027,11 Months,"24,000","24,000",,-,,,https://drive.google.com/file/d/1u8ggpdPbxS9dL_ttDnV2AwexJNm7KZLg/view?usp=sharing,"Ward:28, neemuch road, survey no. 57/4, 1364 sq. ft. Kumhari, Jaora, ratlam , Madhya Pardesh- 457226",Hemant Kumar,9039723360,1 month,,,,,Pending,,,,,,,,,,
MH,AW,MH022,Phaltan,Active ,1-Aug-2026,1-Aug-2026,30-Jun-2027,11 Months,"25,000","25,000",,5 Months,,,https://drive.google.com/file/d/1EamT_3qCmZBV7mowE4xec1NCdLu3aYwS/view?usp=sharing,"Gat/Survey No. 2/A/2/12, Phaltan, District Satara, Maharashtra – 415523",Shahu Mohan Katkar,,1 month,,Updation under process,,,Phaltan S&E.pdf,,,,,,,,,,
MP,AW,MP054,Badnagar,Active ,1-Aug-2026,1-Aug-2026,30-Jun-2027,11 Months,"27,000","27,000",,-,,,https://drive.google.com/file/d/1raPw-YIN5HF1GNaxd08RbriYnGsJf9xX/view?usp=sharing,"223, Lokmanya Tilak path, Badnagar, Madhya Pradesh-456771",Deepak Kalyani,7354671771,1 month,,,,,Pending,,,,,,,,,,
MH,AW,MH021,Chopda,Active ,3-Jul-2026,3-Jul-2026,2-Jun-2027,11 Months,"25,000","25,000",,-,,,https://drive.google.com/file/d/1XvzEnBQlra3T7z6tYKZJaFPymuyt6Dzy/view?usp=sharing,"96 Plotno.3 ,infront of hotel Sunita, Chopda, Jalgaon, Maharashtra-425107",Jitendra Namdev Patil,9420187125,1 month,,https://drive.google.com/file/d/1fr9Qlsvz-S6Z-wN_U49ltwU-wlQgYBVo/view?usp=drive_link,,,Chopda S&E.pdf,,,,,,,,,,
MH,AW,MH020,Baramati,Active ,1-Aug-2026,1-Aug-2026,30-Jun-2027,11 Months,"25,000","25,000",,-,,,https://drive.google.com/file/d/1Nm4BC64DC8ps3icYJQ48UvuMFKj8rE9j/view?usp=sharing,"Kasba,123/1, Malegaon road, Masobanagar Baramati Pune-413102","Hrishikesh Pramod Phadtare,",,1 month,,https://drive.google.com/file/d/1fr9Qlsvz-S6Z-wN_U49ltwU-wlQgYBVo/view?usp=drive_link,,,Baramati S&E.pdf,,,,,,,,,,
MH,AW,MH019,Vaijapur,Active ,1-Aug-2026,1-Aug-2026,30-Jun-2027,11 Months,"18,000","18,000",,-,,,https://drive.google.com/file/d/1dgFMD4GTFZjMz9FFbecnRxZKW-Rvz-S4/view?usp=sharing,"151/2 Nagpur, Mumbai Highway, Vaijapur, Aurangabad (MCI)-423701",Kusumbai Balu Gaikwad,9325158057,1 month,,https://drive.google.com/file/d/1fr9Qlsvz-S6Z-wN_U49ltwU-wlQgYBVo/view?usp=drive_link,,,Vaijapur S&E.pdf,,,,,,,,,,
MH,AW,MH018,Temburni,Active ,1-Aug-2026,1-Aug-2026,30-Jun-2027,11 Months,"25,000","25,000",,-,,,https://drive.google.com/file/d/14DdEmfrahC6JwxF1YVN1sXspB89xYjfd/view?usp=sharing,"Gat no.478, Mouje temburni, old pune-solapur road, Timbhurni taluka madha, Solapur, Maharashtra-413211",Avinash Diliprao Bhosale,,1 month,,https://drive.google.com/file/d/1fr9Qlsvz-S6Z-wN_U49ltwU-wlQgYBVo/view?usp=drive_link,,,Temburni S&E.pdf,,,,,,,,,,
MP,AW,MP053,Luvkush Nagar,Active ,1-Aug-2026,1-Aug-2026,30-Jun-2027,11 Months,"16,000","16,000",,-,,,https://drive.google.com/file/d/1jVfOhtQabBHJm6lF3XeVtrZcSZP95aDH/view?usp=sharing,"Adalat X-Mar, Ward no.09, Khajurao, chhatarour, MP",Ram Kishore Gupta,9926269793,1 month,,,,,Pending,,,,,,,,,,
CG,AW,CG008,Takhatpur,Active ,1-Aug-2026,1-Aug-2026,30-Jun-2027,11 Months,"18,000","18,000",,-,,,https://drive.google.com/file/d/1q_kJsKnMpxpQVRgSBZqEbxoJMeKR-4dz/view?usp=sharing,"Makad fuels ke saamne, Jareli, Takhatpur, Chhattisgarh-495330",Paramjeet Singh Hura,9993601518,1 month,,Updation under Process,,,Pending,,,,,,,,,,
GJ,AW,GJ008,Dabhoi,Active ,15-Jul-2026,15-Jul-2026,14-Jun-2027,11 Months,"22,500","22,500",,-,,,https://drive.google.com/file/d/1E0I7d4rjiKl36hiBs27QBrc6HNcjzwKt/view?usp=sharing,"Shop no. 19, 20, 48, Vega Taluka-Dabhoi, Vadodra, Gujarat- 391110",Patel Mahesh Jethabhai and Patel Nilesh Jethalal,,1 month,,,,,Pending,,,,,,,,,,
CG,AW,CG007,Khairagarh,Active ,1-Jul-2026,1-Jul-2026,31-May-2027,11 Months,"19,000",-,,-,,,https://drive.google.com/file/d/1QsUL_uyYEOH3rlR8R3vGe6GLl43EZAo_/view?usp=sharing,"191/1, sonesarar, khairagarh, chhuikhadan, gandai,Chhattisgarh",Suadama Das Kothale,,1 month,,Updation under Process,,,Pending,,,,,,,,,,
MH,AW,MH017,Rahata,Active ,1-Jul-2026,1-Jul-2026,31-May-2027,11 Months,"25,000","25,000",,-,,,https://drive.google.com/file/d/1ZssWlXC_5XFDzuyOwkM_hp8w_d278lU5/view?usp=sharing,"238/9, Nagar Manmad Road, Pimplas, Taluka Rahata, District Ahilyanagar (formerly Ahmednagar), Maharashtra – 423107",Devidas ashok badhange,,1 month,https://drive.google.com/file/d/177Lkng0PNwceiqWmKG7q0wcdXc7kxHkr/view?usp=sharing,https://drive.google.com/file/d/1fr9Qlsvz-S6Z-wN_U49ltwU-wlQgYBVo/view?usp=drive_link,,,Rahata S&E.pdf,,,,,,,,,,
RJ,AW,RJ052,Chhabra,Active ,22-Jun-2026,22-Jun-2026,21-May-2027,11 Months,"20,000","20,000",,-,,,https://drive.google.com/file/d/13YAKTM6O8iomKaMosBjHPorf_jHKqIcY/view?usp=sharing,"Salpura Road, Shiv Shakti Colony, Chhabra, Rajasthan – 325220",Gopal Ram,,1 month,,,,,,,,,,,,,,,
MP,AW,MP052,Guna,Active ,1-Jul-2026,1-Jul-2026,31-May-2027,11 Months,"37,500","37,500",,-,,,https://drive.google.com/file/d/1DFTmUKBIKilJFmEED8FeSxafhJ6pBNx7/view?usp=sharing,"Survey No. 303/11/1/2/2 (S), Guna, Kushmoda, Madhya Pradesh-473001",Arvind Kumar Jain,,1 month,,,,,Pending,,,,,,,,,,
MH,AW,MH016,Shikrapur,Active ,1-Jul-2026,1-Jul-2026,31-May-2027,11 Months,"25,000","25,000",,-,,,https://drive.google.com/file/d/1w6v86WN9CgnSYgWipMXYmUGpjOJO65X3/view?usp=drive_link,533 NEAR JAYESH HOTEL SHIRUR PUNE Shikrapur 412208,Ganpatrao Mahapati,,1 month,https://drive.google.com/file/d/1VvifFWCJRRijyIBgqA_vYSVCoj0JDr-7/view?usp=sharing,https://drive.google.com/file/d/1fr9Qlsvz-S6Z-wN_U49ltwU-wlQgYBVo/view?usp=drive_link,,,Intimation S&E,,,,,,,,,,
CG,AW,CG006,Pandariya,Active ,1-Jul-2026,1-Jul-2026,31-May-2027,11 Months,"20,000","20,000",,-,,,https://drive.google.com/file/d/1APHgL7CPXiuFyQ-vW-eO87IRkRVXKAVh/view?usp=sharing,"Khasra no.24/7, Roha, Pandriya,Kabirdham, Chhattisgarh-491559",Parmeshwar Chandravanshi,,,,Updation under Process,,,Pending,,,,,,,,,,
RJ,AW,RJ051,Nohar (Hanumangarh),Active ,1-Jun-2026,1-Jun-2026,30-Apr-2027,11 Months,"15,000","15,000",,-,,,https://drive.google.com/file/d/1K2IXSmUPPmBSjmgpiCV7yTyP5FsPqEn0/view?usp=sharing,"Ward no.11, nohar (nagarpalika) hanumangarh,Rajasthan-335523",Lichhman Ram,,1 month,,,,,,,,,,,,,,,
RJ,AW,RJ050,Padampur (Ganganagar),Active ,10-May-2026,10-May-2026,9-Apr-2027,11 Months,"9,000","9,000",,-,,,https://drive.google.com/file/d/1jgPIHfiTGwjSAE8gc2KSpzNHLTDVphwp/view?usp=drive_link,"Tehsil Padampur, Chak 20 BB-A, Murabba No. 17, Kila No. 7",Paramjeet Singh,,1 month,https://drive.google.com/file/d/10umucSEjeZBPZc5HKFrNnchYS5hjA1lG/view?usp=drive_link,, ,,,,,,,,,,,,
MP,AW,MP051,Gotegaon,Active ,1-May-2026,1-May-2026,30-Apr-2027,11 Months,"19,000","19,000",,-,,,https://drive.google.com/file/d/1G5Lf9E0kO3odI2CJsaQZ0n5KYug68NSv/view?usp=drive_link,"Village-Kumharakheda, Gotegaon, Narsinghpur, Mandi, Madhya Pradesh-487118",Sharad Narayan,,1 month,https://drive.google.com/file/d/1q5TQJWQ272N6M8iVu1rC8NYemaJlRFBf/view?usp=drive_link,,,,Pending,,,,,,,,,,
,,,,,,,,,,,,,,,,,,,,https://drive.google.com/file/d/1lf2mhXWoYl0zwX7-VyQdUFx4IcNzL3Ok/view?usp=drive_link,,,,,,,,,,,,,,
RJ,AW,RJ049,Banswara,Active ,21-Apr-2026,21-Apr-2026,20-Mar-2027,11 Months,"23,000","46,000",,1 Month,,,https://drive.google.com/file/d/1fEZf9LciOkasR80_Tw0YBRtkBjZiue2p/view?usp=sharing,"Plot no. 24, near Durga Prtrol Pump, Banswara, Rajasthan",Ranga Devi,,1 month,,,,,https://drive.google.com/file/d/1uJn7qOGiI6H73cdWeaZ9kl5oxiEO5At-/view?usp=drive_link,,,,,,,,,,
RJ,AW,RJ048,Khajuwala,Active ,15-Apr-2026,15-Apr-2026,15-Mar-2027,11 Months,"15,000","15,000",,-,,,https://drive.google.com/file/d/135-0j_yk_O8w2pOV6jf2uqbWu4PnAD62/view?usp=drive_link,"sai colony, dantor road, khajuwala, Jodhpur Rajasthan-334023",VISHAL KUKKAR,,1 month,,,,,,,,,,,,,,,
RJ,AW,RJ047,Bikaner,Active ,1-Mar-2026,1-Mar-2026,31-Jan-2027,11 Months,"50,000","50,000",,-,,,https://drive.google.com/file/d/1oWkqqk4qDjVB-l_EA3sqc1xkDtvt4pH_/view?usp=sharing,"ridamsar purohitaan, bikaner-334001",VISHAL KUKKAR,,1 month,,,,,https://drive.google.com/file/d/1AJvh-ITRP6AiATbone75mzBK6zMEs7Ac/view?usp=drive_link,,,,,,,,,,
RJ,AW,RJ046,Behror,Active ,7-Jan-2026,7-Jan-2026,7-Dec-2026,11 Months,"25,000","25,000",,-,,,https://drive.google.com/file/d/1NW_8_SBZ2cPpKEPZmTY8RgkFxTWRUn-k/view?usp=drive_link,"shyam nagar colony, behror zila alwar, Rajasthan, Khasra no. 642 dungarsi 2250 sq ft.",Shubhash Chand Yadav and Manoj kumar Yadav,,1 month,https://drive.google.com/file/d/1zlzAoM3WRYXpR2anj5Hf0Rnl3R7R_aSi/view?usp=sharing,,,,https://drive.google.com/file/d/1cWZZTDLo154n6utqILP5Rmmcm47ra77S/view?usp=drive_link,,,,,,,,YES,90_DAYS,
RJ,AW,RJ045,Abu Road,Active ,9-Mar-2026,9-Mar-2026,8-Feb-2027,11 Months,"16,000","32,000",,2 Months,,,https://drive.google.com/file/d/17Wezw9BRzQI1iQvK145D6dvZB-UEOT9Q/view?usp=sharing,"Patta no. 12, akarabhatta, Abu Road, ward no.1, Rajasthan",Babu Lal,,1 month,,,,,https://drive.google.com/file/d/1nYBiF9lNtucaKx5BvjeV32tjMTiKtcu6/view?usp=drive_link,,,,,,,,,,
MP,AW,MP050,Khachrod (Nagad),Active ,23-Feb-2026,23-Feb-2026,1-Feb-2027,11 Months,"25,000","25,000",,-,,,https://drive.google.com/file/d/1OS658lui0L_Z4amwKfZPFVU2MnTTG6DD/view?usp=drive_link,"21(20), mohalla Nagda Road, main marg in mid of shivani resort, Gopal Mandir, Khachrod Ujjain, MP",Sunil Madariya,,1 month,https://drive.google.com/file/d/1ix2gGkpynTxhsYpTnPfT1fCaLm4KkRdg/view?usp=sharing,,,,Pending,,,,,,,,,,
MP,AW,MP049,Sardarpur (Rajgarh),Active ,20-Feb-2026,1-Mar-2026,1-Feb-2027,11 Months,"23,000","23,000",,-,,,https://drive.google.com/file/d/1Kxf7dLacBEcXjs_9Kis87jSr3H61JkM4/view?usp=sharing,"Property id 7001390437 Hall 1500 Sq Ft, Indore Ahemdabad Road, Rajgarh Main Road
square, Rajgarh Dhar, Dhar, Madhya Pradesh, 454116",Naseem Chakkiwala,,1 month,,https://drive.google.com/file/d/13uZ9rMN-6JBqABsWVLwYfEhZQF0oDjkm/view?usp=sharing,,,Pending,,,,,,,,,,
MP,AW,MP048,Khategaon,Active ,1-Feb-2026,1-Feb-2026,31-Dec-2026,11 Months,"23,000","23,000",,-,,,https://drive.google.com/file/d/1_Sa3US2LF_MNTdvf0ZruHqhHNOP-kwRz/view?usp=sharing,"Vrindavan Colony near Nemavar Road, Tehsil Khategaon 70x20 ft.",Ramesh Chand Mittal,-,1 month,https://drive.google.com/file/d/1Ogmw7DT-bG6dlFjdon6cKKRNrB3k3czM/view?usp=sharing,,,,Pending,,,,,,,,,,
MH,AW,MH015,Shrigonda,Active ,15-Jan-2026,15-Jan-2026,14-Oct-2026,11 Months,"14,000","14,000",,-,,,https://drive.google.com/file/d/1Mm93SRxhEeMv7jH6X2oKFxPfKExIGjth/view?usp=drive_link,"Gat no.2188/7A, Jakate Wasti, Shrigonda, Ahmednagar, Maharashtra-413701",Mr. jakate Arif Akbar,,1 month,,https://drive.google.com/file/d/1fr9Qlsvz-S6Z-wN_U49ltwU-wlQgYBVo/view?usp=drive_link,,,SRIGONDA S-E.pdf,,,,,,,,YES,45_DAYS,
RJ,AW,RJ044,Kishangarh,Active ,6-Jan-2026,6-Jan-2026,5-Dec-2026,11 Months,"15,000","15,000",,-,,,https://drive.google.com/file/d/1RyIM5LB9r5mJKXSRTgvPylG-79qbxwvE/view?usp=drive_link,"Khairthal Road, Kishnagarh, Alwar, Rajasthan 301405",Rajjo Devi,,1 month,,,,,https://drive.google.com/file/d/1VWetw8kIf71D0ZcRKD1zMTWnopRw8dNc/view?usp=drive_link,,,,,,,,YES,90_DAYS,
RJ,AW,RJ043,Bhawani Mandi,Active ,7-Jan-2026,7-Jan-2026,6-Dec-2026,11 Months,"15,000","15,000",,-,,,https://drive.google.com/file/d/1i10XWMgvgzOeUSHxDxVP2APaiQt5M7iT/view?usp=drive_link,"Basant vIhar Colony, Bhawani Mandi Zila, Jhalawar, Rajasthan- 326502",Amjad Khan,,1 month,,,,,https://drive.google.com/file/d/1j0cwE57CBysJHTsR2kFmbtqMixU1pyhh/view?usp=drive_link,,,,,,,,YES,90_DAYS,
CG,AW,CG005,Mungeli,Active ,1-Feb-2026,1-Feb-2026,31-Dec-2026,11 Months,"21,000","21,000",,-,,,https://drive.google.com/file/d/15_G5rUwasy3cmblUyXYYPuOXSWnTWfCW/view?usp=drive_link,"Vill. Jagarhatta, Mungeli R-D/C, Jhagarhata, Mungeli Chattisgarh 495334",Rajendra Kumar Sahu and Godavari Sahu,,1 Month,,https://drive.google.com/file/d/1bNnXacUqfmOsx5p_FKa6ZAv_0LWFjdUH/view?usp=sharing,,,Pending,,,,,,,,,,
Tel,AW,TL001,Jangaon,Active ,1-Jan-2026,1-Jan-2026,30-Nov-2026,11 Months,"12,500","25,000",,2 Months,,,https://drive.google.com/file/d/1frb-UCfsPeBS1QZzaE-162h3tnfnPmtB/view?usp=drive_link,"H. No. 6-1 SU0022, Opp. Collector Office, Suryapet Road, Jangaon,Telangana-506167",Mohammed Khazabee,,1 Month,,https://drive.google.com/file/d/1IGfEOkGUzanv_lm6jEgSBYojC_trsbW2/view?usp=drive_link,,,Pending,,,,,,,,YES,90_DAYS,
RJ,AW,RJ042,Kolayat,Active ,5-Jan-2026,5-Jan-2026,4-Dec-2026,11 Months,"25,000","25,000",,-,,,https://drive.google.com/file/d/10UHWeqjgAqO1hSswIMgRiDC2xS7gZCm5/view?usp=drive_link,"Kolayat District, Bikaner, Rajasthan 334302",Kaptan Khan,9828529873,1 month,,,,,https://drive.google.com/file/d/1qYlgSVYLUVPzdzGrraBAYEt1nOqfgxXV/view?usp=drive_link,,,,,,,,YES,90_DAYS,
RJ,AW,RJ041,Srimadhopur,Active ,10-Jan-2026,5-Jan-2026,4-Dec-2026,11 Months,"24,000","24,000",,-,,,https://drive.google.com/file/d/1yePhiqfhUsKnAc2eWGmxozcRsSTlbFBV/view?usp=drive_link,"Jaalpali Mod (M), ShriMadhopur, Sikar, Rajasthan 332715",Omprakash Soni,,1 month,,,,,https://drive.google.com/file/d/1BpXkjcC1horD58qxWsJDxnB4aQ6Dm7_s/view?usp=drive_link,,,,,,,,YES,90_DAYS,
MP,AW,MP047,Chhatarpur,Active ,9-Feb-2026,9-Feb-2026,9-Jan-2027,11 Months,"23,000","23,000",,-,,,https://drive.google.com/file/d/1FlDEwHpPA4ajXvU8LnXrJUUaQKp9cIP_/view?usp=sharing,240 sq. ft. shop in centre office or 1300 sq. ft. behind tractor stock godown,Vijay Kumari,,1 Month,,,,,Pending,,,,,,,,,,
MP,AW,MP046,Pipariya,Active ,1-Feb-2026,1-Feb-2026,1-Jan-2027,11 Months,"25,000","25,000",,-,,,https://drive.google.com/file/d/1afCVeRgtHFuj6_NExvIdt0kFhXASk8Q7/view?usp=drive_link,"Shobhapur Road Anand Bhumi Ke smane, Village Hathwas, Dist. Pipariya, Narmadapuram, MP 461775",Prashant Vishvakarma,,1 Month,,,,,Pending,,,,,,,,,,
MP,AW,MP045,Ashta,Active ,1-Jan-2026,1-Jan-2026,30-Nov-2026,11 Months,"23,000","23,000",,-,,,https://drive.google.com/file/d/1l2x2woO35yE-m526l6teQuHuMUKlVUgJ/view?usp=drive_link,"Shani Mandir ke pass, Bhopal Road, Ashta, Dist. Sihore, Madhya Pradesh 466116",Pratap Singh Rajput,,1 Month,,https://drive.google.com/file/d/13uZ9rMN-6JBqABsWVLwYfEhZQF0oDjkm/view?usp=sharing,,,Pending,,,,,,,,YES,90_DAYS,
MP,AW,MP044,Lambakheda,Active ,1-Jan-2026,1-Jan-2026,30-Nov-2026,11 Months,"30,000","30,000",,-,,,https://drive.google.com/file/d/13FuyiJkJWuUZgRurWVWD1dOHckchFbhG/view?usp=drive_link,"Islam Nagar, Saini Choraha, (Jagdish Pur) Islam Nagar  bye Pass, Lambakheda, Bhopal, MP 462038",Sumitra,,1 Month,,https://drive.google.com/file/d/13uZ9rMN-6JBqABsWVLwYfEhZQF0oDjkm/view?usp=sharing,,,Pending,,,,,,,,YES,90_DAYS,
CG,AW,CG004,Baloda Bazar,Active ,1-Feb-2026,1-Feb-2026,31-Dec-2026,11 Months,"24,000","24,000",,-,,,https://drive.google.com/file/d/14y1gzO7fHDmYd6pprbpbMxW5cnV7NDTu/view?usp=drive_link,"Lavan Road, Parsabhadar Charoti, Baloda Bazar, Chattisgarh 493332",Shubham Jaiswal and Madhu Jaiswal,,1 Month,,https://drive.google.com/file/d/1bNnXacUqfmOsx5p_FKa6ZAv_0LWFjdUH/view?usp=sharing,,,Pending,,,,,,,Executed,,,
RJ,AW,RJ040,Ajmer,Active ,15-Sep-2025,15-Sep-2025,14-Aug-2026,11 months,"52,368","90,000",,2 Months,,,https://drive.google.com/file/d/1y2b228jhB2YBXS5HArcvo9mY9hNzrnCp/view?usp=drive_link,"Khasra No. 22, Ground Floor, towards Palra, Sedria Main Road (Bypass), Ajmer Rajasthan 305901",Manoj Airan HUF,9829072225,1 month,,https://drive.google.com/file/d/1kFU_W6VrLpOpQ1pbnzQFUbXAn78deYQF/view?usp=sharing,,30-04-2026,https://drive.google.com/file/d/1Le526LMVGJdZ651J6fJH6mqCAUGAyECW/view?usp=drive_link,https://drive.google.com/file/d/1j2mndEaaO-nJa1-OvKqpjKZPuwzu-Ypj/view?usp=drive_link,,Already upload and approved but agreement not uploaded,1,,https://drive.google.com/open?id=1Ql9BaED7a26jHJJbRBQAoc8A1dMZyFqQ&usp=drive_copy,,,,
RJ,AW,RJ039,Alwar-Center,Active ,1-Dec-2025,1-Dec-2025,31-Oct-2026,11 months,"48,620",,,-,,,https://drive.google.com/file/d/1Aiwxls7cWUFmQZz1kjS486jCYJYKnd7F/view?usp=drive_link,"9, M.M. TOWER, N.E.B. SUBHAS NAGAR, Daudpur, Alwar, Alwar, Rajasthan, 301001",Lalita Sharma,9990481066,1 month,,,,05-08-2025,https://drive.google.com/file/d/11Oku0Qbu1UQXQgwOuXPXNG1td5qtFR-6/view?usp=drive_link,https://drive.google.com/file/d/1RdR8EHEJpB-yF69hSCmhxfUdowbBj0tR/view?usp=sharing,,,,,https://drive.google.com/open?id=1upbYdOQJ-yXw2Qf6hHlTzbHuiUJOikTQ&usp=drive_copy,,YES,45_DAYS,
RJ,AW,RJ038,Bundi,Active ,,1-Nov-2025,30-Sep-2026,11 months,"36,934","33,500",,-,,,https://drive.google.com/file/d/1V40WvqDeyA6l0g6kdJtAey4d6EcEToZC/view?usp=drive_link,"Chittor Rd, Mansarover  Colony, Opposite Maruti Suzuki Showroom, Bundi pin code -323001",Girdhar Gopal Swami and rajesh goswami,9413419887,1 month,,https://drive.google.com/file/d/1kFU_W6VrLpOpQ1pbnzQFUbXAn78deYQF/view?usp=sharing,,23-03-2026,https://drive.google.com/open?id=193_kT1KiTj7uWl_6f1zdfSlRRg7EzjbV&usp=drive_copy,https://drive.google.com/file/d/18atkyfrZWCA_1Su_F1C2jQ1ZILb0hoc6/view?usp=drive_link,,,,,https://drive.google.com/open?id=1draXCxQ4u7LytUy7RyYPvUomNn-o3Yis&usp=drive_copy,,YES,14_DAYS,
MH,AW,MH014,Ahmadnagar,Active ,15-Nov-2025,15-Nov-2025,14-Oct-2026,11 months,"36,382","50,000",,-,,,https://drive.google.com/file/d/1EG37qpYHFkGz8X9EmlHOY4Ol5x3bDavT/view?usp=drive_link,"Gat No. 628, Vadgaon Gupta Nagar, Taluka Nagar, Distt. Ahmednagar, Maharashtra 414111",Popat Shewale,90114 50090,3 months,,https://drive.google.com/file/d/1fr9Qlsvz-S6Z-wN_U49ltwU-wlQgYBVo/view?usp=drive_link,,30-04-2026,https://drive.google.com/file/d/1iT8LskC4MleTZBIFds1mm_BFOPPV_bio/view?usp=drive_link,https://drive.google.com/file/d/1uS-ZRut6g-LCFUTb3TPoSBr5M8cYk4Yj/view?usp=sharing,,Updated in portal and drafted ,,,https://drive.google.com/open?id=1rzVI3vp_Y9iFQaVBaS52zPCpXJ8CoFuz&usp=drive_copy,,YES,45_DAYS,
RJ,AW,RJ037,Dungarpur,Active ,29-Dec-2025,29-Dec-2025,28-Nov-2026,11 months,"16,538","30,000",,-,,,https://drive.google.com/file/d/1Z3GB1OIZazg5RdgDmw-TqrFOB9vb4Alo/view?usp=sharing,In front of 4 wheels car parking ICICI Bank Sangwada Road Biladi Dungarpur Rajasthan 314001,Premji Joshi,9828285763,1 month,,https://drive.google.com/file/d/1kFU_W6VrLpOpQ1pbnzQFUbXAn78deYQF/view?usp=sharing,,18-05-2026,dungarpur.pdf,https://drive.google.com/file/d/1PQyQBV0RjGELuDnFx9fmz9UHAUUgCjjG/view?usp=sharing,,Updated in portal and drafted ,,,https://drive.google.com/open?id=1sp5DRdFDJ6oIYtJhuQANojCyZgZP_nvY&usp=drive_copy,,YES,90_DAYS,
MH,AW,MH013,Chaufulla,Active ,1-Jan-2026,1-Jan-2026,30-Nov-2026,11 months,"42,832","60,000",,-,,,Chaufula Centre Notari 2025....pdf,"Near by mahamarg police station , Dhaygudwadi, Boripardhi , Chaufula ,Pune solapur highway  Pune Maharashtra 412203",Nevase Dhanaji Malhari,9890789629,1 month,,https://drive.google.com/file/d/1fr9Qlsvz-S6Z-wN_U49ltwU-wlQgYBVo/view?usp=drive_link,,06-09-2025,Chaufulla_Certificate.pdf,https://drive.google.com/file/d/1QqNa80hyzMtAEMHO83hiKsqhRgmhAwXG/view?usp=sharing,,Updated in portal and drafted ,,,,,YES,90_DAYS,
RJ,AW,RJ036,Tonk,Active ,6-Jan-2026,6-Jan-2026,6-Nov-2026,11 months,"43,990","76,000",,-,,,https://drive.google.com/file/d/1v4xl3163CyTO4Nt5UUo8gUIfmXN64MFu/view?usp=drive_link,"Near Ranault Car Showroom, Kaamdhenu Circle, Jaipur Road, Tehsil-Tonk, Distt Tonk Rajasthan 304001",Mushtaq Ahmend,9414657207,1 month,,https://drive.google.com/file/d/1kFU_W6VrLpOpQ1pbnzQFUbXAn78deYQF/view?usp=sharing,,06-09-2025,Tonk_SCA_2023_26_132636_Certificate.pdf,https://drive.google.com/file/d/16aIlwazbhepnXBaDIMD9j66Fxu_nk5yj/view?usp=sharing,,updated in portal and drafted ,,,https://drive.google.com/open?id=1JPFL7JdoNnMmmJiKSmpshURBDPvSVobH&usp=drive_copy,,YES,45_DAYS,
MH,AW,MH012,Ashti,Active ,16-Jan-2026,16-Jan-2026,15-Dec-2026,11 months,"27,563","25,000",,-,,,https://drive.google.com/file/d/1FMn_E3ddrh0_OGHSR03YaNfkcfTaBgq_/view?usp=sharing,"C-16/A, Murshadpur, Kasari, Beechme Plot no.-13, Tehsil, Ashti Jilla Beed Maharashtra, 414203",Deepak Vitthal Avare,9975210310,1 month,,https://drive.google.com/file/d/1fr9Qlsvz-S6Z-wN_U49ltwU-wlQgYBVo/view?usp=drive_link,,18-05-2026,Ashti ,https://drive.google.com/file/d/1ZluSDdeHbAYBC06iPVLOt_Q9-dSKbxnz/view?usp=drive_link,,updated in portal and drafted ,,,https://drive.google.com/open?id=1O43-c3lZurhWqmK6-A_MB1csbM8kKFL0&usp=drive_copy,,YES,90_DAYS,
RJ,AW,RJ035,Anupgarh,Active ,,20-Feb-2026,19-Jan-2027,11 months,"11,025","10,000",,-,,,https://drive.google.com/file/d/1_nsOETVJ21953372qWbio-Jse_bymwCv/view?usp=sharing,"Showroom near preeti palace cinema, Anupgarh, Rajasthan 335701",Jai Kishan,9828490982,1 month,,https://drive.google.com/file/d/1kFU_W6VrLpOpQ1pbnzQFUbXAn78deYQF/view?usp=sharing,,18-05-2026,Anupgarh Shop and Establishment.pdf,https://drive.google.com/file/d/1rU933okA9aKlCl2zE2lz3Ez_fXsvaan7/view?usp=drive_link,,,,,https://drive.google.com/open?id=1d5Wv2tglT-cV1RQufJNeCn_5Cibuzg5n&usp=drive_copy,,,,
RJ,AW,RJ034,Hanumangarh/pilibanga,Active ,,1-Feb-2026,31-Jan-2027,11 months,"15,435","14,000",,-,,,https://drive.google.com/file/d/11-Ep-GAo4-_mfOBtTjm7FaUKkjt-C8wT/view?usp=sharing,"Plot No.-08, Teh. and Mandi Pilibanga, Kandhari Enclave Dist. Hanumangarh Rajasthan 335803",Harvinder Singh,9672879130,1 month,,https://drive.google.com/file/d/1kFU_W6VrLpOpQ1pbnzQFUbXAn78deYQF/view?usp=sharing,,19-05-2026,,,,,,,https://drive.google.com/file/d/18AN7-CEVr_GConBMz-Ea2PYRjYon4ERM/view?usp=sharing,,,,
RJ,AW,RJ033,Sumerpur,Active ,,1-Apr-2026,31-Mar-2027,11 months,"37,620","32,500",,1 Month,,,https://drive.google.com/file/d/1edaZ8fxHABfnMIR4krBhJfHNmLroYB0-/view?usp=drive_link,"Near Dakha Mata Mandir, Pali Road, Sumerpur, Rajasthan 306902",Bishan Singh,9414121879 and 9024634080,1 month,,https://drive.google.com/file/d/1kFU_W6VrLpOpQ1pbnzQFUbXAn78deYQF/view?usp=sharing,,28-05-2026,sumerpur _S-E.pdf,https://drive.google.com/file/d/1poHEl8fbEGkG1UgJwO0K21bLAs7XY6n-/view?usp=sharing,,updated on gst portal save in draft utility bill name different ,,,https://drive.google.com/file/d/1GKp0FhKqergSdVOrcu1y8OQTOrptlDno/view?usp=drive_link,,,,
MP,AW,MP043,Ujjain,Active ,,1-Apr-2026,31-Mar-2027,11 months,"40,950","74,000",,1 Month,Yes,,https://drive.google.com/file/d/1ytwCI7xK-ftNvc12J-XQlWI3Git2QVvP/view?usp=sharing,"A-2, Plot MR-10, Sharda Homes, Muksi Road, Ujjain, Madhya Pradesh 456006 ",Arjun Aanjana,9907809777,1 month,,https://drive.google.com/file/d/13uZ9rMN-6JBqABsWVLwYfEhZQF0oDjkm/view?usp=sharing,,30-04-2026,Pending,https://drive.google.com/file/d/15GKX7it2ln68GCb9XCrDnsJ7EQO7S_Lz/view?usp=drive_link ,"A-2, Plot MR-5, Sharda Homes, Muksi Road, Ujjain pin code -",Updated in portal and drafted ,,,Ujjain Updated Rent Agreement .pdf,,,,
MP,AW,MP042,Mandsaur,Active ,,1-Nov-2025,30-Sep-2026,11 months,"25,358","23,000",,1 Month,,,https://drive.google.com/file/d/10FdYFNl0jyAckBH5opUXvwNZfgqb8yEu/view?usp=drive_link,"Mhow Neemuch Road, Near Krishi Upaj Mandi, Mandsaur MP-458001",Vinayak Saratliya,9617612008,1 month,,https://drive.google.com/file/d/13uZ9rMN-6JBqABsWVLwYfEhZQF0oDjkm/view?usp=sharing,,24-03-2026,Mandsour shop and estblishment certificate.pdf,https://drive.google.com/file/d/1ZMrMogSHc361NJOGgUvfZE2HOWFAFj9p/view?usp=drive_link,"Mahu Neemach Road, Near nahar gar tol kande Krishi,   Mandi road , Mandsaur pin code -473331",,,,Mandsour Rent Agreement.pdf,,YES,14_DAYS,
RJ,AW,RJ032,Jhalawar,Active ,,1-May-2026,31-Mar-2027,11 months,"34,729","60,000",,2 Months,,,https://drive.google.com/file/d/1dyZ2CqhZR7CpmetiZ1SDnQiJD6MzBjHT/view?usp=drive_link,"Gindor Naka Chauraha Main Road, Jhalrapatan, Jhalawar pin code - 326001",Ashish Gupta,9414194347,1 month,,https://drive.google.com/file/d/1kFU_W6VrLpOpQ1pbnzQFUbXAn78deYQF/view?usp=sharing,,06-09-2025,Jhalawar_SCA_2023_17_132654_Certificate.pdf,https://drive.google.com/file/d/1IgSn2BnJhtgye6wXeDiE4xYypNvaj9pf/view?usp=drive_link,,old aagreement ,,,Jhalawar rent Agreement.pdf,,,,
RJ,AW,RJ031,Kota,Active ,,16-May-2026,15-April-2027,11 months,"56,812","90,000",,2 Months,,,https://drive.google.com/file/d/1l13cdxxqfVPwDkJ9pF8zAiiQnfD9sc3d/view?usp=sharing,"G-1/317D, Road No. 6, Bhamashah Mandi Road, I.P.I.A., Kota Kota 324005",Make Plasto chem Industries (Prop.-Ashok Goyal),9887899815,1 month,,https://drive.google.com/file/d/1kFU_W6VrLpOpQ1pbnzQFUbXAn78deYQF/view?usp=sharing,,05-08-2025,,https://drive.google.com/file/d/129XT73XBB7A2PPEyvpWIBI_VN1lgHdkL/view?usp=drive_link,,,,,Kota Rent Agreement.pdf,,,,
MP,AW,MP041,Chhindwara,Active ,,1-Nov-2025,1-Oct-2026,11 months,"25,350","23,000",,-,,,https://drive.google.com/file/d/17MhJoQH9rsFlKQnQCyt2P8b7Ty2qFm1B/view?usp=sharing,"Ward No. 13, Nagpur Road, Tehsil Chandan Gaon, Distt. Chhindwara, MP 480001",Amit Yadav,8989643264,1 month,,https://drive.google.com/file/d/13uZ9rMN-6JBqABsWVLwYfEhZQF0oDjkm/view?usp=sharing,,23-03-2026,ShopEst_RegCert_PartK chind.pdf,https://drive.google.com/file/d/1HHQyzlI2HLZPSYWHiY5VkI2XZIbjgL0G/view?usp=drive_link,"Ward No. 13, Nagpur Road, Tehsil Chandan Gaon, Distt. Chhindwara pin code - 480001",updated in portal and drafted ,,,Chhindwara rent agreement 24-25.pdf,,YES,14_DAYS,
MP,AW,MP040,Shivpuri,Active ,25-Nov-2026,25-Nov-2025,24-Oct-2026,11 months,"33,075","30,000",,-,,,https://drive.google.com/file/d/1Fdk2wHqefoo0L9qFFJ64C4fe9cwkORmt/view?usp=drive_link,"Jhansi Tiraha, Fatehpur Road, Shivpuri MP-473551",Himanshu Rathore,9993270014,1 month,,https://drive.google.com/file/d/13uZ9rMN-6JBqABsWVLwYfEhZQF0oDjkm/view?usp=sharing,,24-03-2026,ShopEst_RegCert_PartK Shivpuri.pdf,https://drive.google.com/file/d/1FYhEq-MM_rjpKGLIl3yp9egB1VHpZQcY/view?usp=drive_link,"Jhansi Tiraha, Fatehpur Road, Shivpuri pin code - 473551",Updated in portal and drafted ,8,,Shivpuri Rent Agreement.pdf,,YES,45_DAYS,
RJ,AW,RJ030,Pratapgarh,Active ,,5-May-2026,4-Apr-2027,11 months,"14,994","26,000",,-,,,https://drive.google.com/file/d/1CqEx20YQGsWc9UYnfgv0LzUlmU5ZVuUr/view?usp=sharing,"Neemach Road, Near Sardar Patel Parisar, Pratapgarh pin code 312605",Rekha Patidar,7073251178,1 month,,https://drive.google.com/file/d/1kFU_W6VrLpOpQ1pbnzQFUbXAn78deYQF/view?usp=sharing,,06-09-2025,SCA_2025_36_132596_Certificate.pdf,https://drive.google.com/file/d/1dSS7E7r6_ISQfOXqJxig2hv3y_Z9gYrR/view?usp=drive_link,,,,,https://drive.google.com/file/d/1oxjGKBqfdLL5LaIZZNi8kVIXRLvjhD1d/view?usp=drive_link,,,,
MP,AW,MP039,"Betul, batama",Active ,21-Nov-2026,16-Nov-2025,15-Oct-2026,11 months,"16,000","26,000",,2 Months,,,https://drive.google.com/file/d/1RnkOQlxlmxxJSZ16BunT0gniALuxg4i3/view?usp=sharing," Bazar Road, opposite Mahindra tractor, Betul, Batama, Madhya Pradesh 460001",Malata Kacharoo magarde,9926329321,1 month,,https://drive.google.com/file/d/13uZ9rMN-6JBqABsWVLwYfEhZQF0oDjkm/view?usp=sharing,,23-03-2026,Betul NA.png,https://drive.google.com/open?id=1I66YyeMADf36PeI9zPht4UdlbGTKBUXL&usp=drive_copy,"Ward No. 29, betul bazar road , batama tehsil Hospital Colony Bazar Chowk, Pathakheda",Updated in portal and drafted ,5,,https://drive.google.com/open?id=1mRXiVA4ARpsjTy7S4gUG1OSpBYXK59ng&usp=drive_copy,,YES,45_DAYS,
RJ,AW,RJ029,Chittorgarh,Active ,,27-May-2026,26-Apr-2027,11 months,"26,447","63,000",,2 Months,,,https://drive.google.com/file/d/1ZEvg4rlJd9tJn9qWedGEFvNVu2XGOvZ3/view?usp=sharing,"Plot No. 18, VIdyut Nagar, Nimbahera Road, City Chittorgarh,Distt. Chittorgarh, Rajasthan 312001",Laad Kanwar,9928372735,1 month,,https://drive.google.com/file/d/1kFU_W6VrLpOpQ1pbnzQFUbXAn78deYQF/view?usp=sharing,,30-04-2026,Chhitorgarh.jpeg,https://drive.google.com/file/d/1510C1rIYCPWiCDmNzbNzf3AvN1BEmS5a/view?usp=drive_link,,updated in portal and drafted ,,,https://drive.google.com/file/d/1y_bZrWF8YIRjlcWht4XGfdfePh5-EJSt/view?usp=drive_link,,,,
MP,AW,MP038,Seoni,Active ,,23-Dec-2025,22-Oct-2026,11 months,"33,075","60,000",,2 Months,,,https://drive.google.com/file/d/1SHbJBOQN_dLb5_xnDpjqVBWkZh04Lqcn/view?usp=drive_link,"Jabalpur Rd, opposite International Public School, Lugharwara, Seoni, Madhya Pradesh 480661",Thakur Prasad Nagesh,9424372315,1 month,,https://drive.google.com/file/d/13uZ9rMN-6JBqABsWVLwYfEhZQF0oDjkm/view?usp=sharing,-,24-01-2025,seoni NA.png,https://drive.google.com/open?id=1agi72QjTnK_mhtqcNNDuhdwzW7CG0bbt&usp=drive_copy,"Babuji Nagar, jabalpur road Gali No. 7, Vadna Bhawan, Distt Seoni pin code Seoni, Madhya Pradesh / Zip Code
480661",Already upload and approved but agreement not uploaded,,,https://drive.google.com/open?id=1kfJPZxt2S9j2Vnouf9SCQrzyPCvGprZL&usp=drive_copy,,YES,45_DAYS,
MH,AW,MH011,Karad,Active ,,15-Aug-2025,14-Jul-2026,11 months,"33,000","30,000",,-,,,https://drive.google.com/file/d/1HhMwfKoiXP5BEzCsA-g8myECI7MSuwfE/view?usp=sharing,"NH-4 Near green land hotel jakhinwadi Malkapur karad Distt. Satara, Maharashtra 415539",Praveen Prakash Patil,8600000034,1 month,,https://drive.google.com/file/d/1fr9Qlsvz-S6Z-wN_U49ltwU-wlQgYBVo/view?usp=drive_link,,18-05-2026,Karad Certificate.pdf,https://drive.google.com/file/d/1yKrDcveGL57NRu15kPOYLvl9wQ7Bi294/view?usp=sharing,"NH-4, Near green land hotel, Malkapur, Karad, Satara, Maharashtra-415002",,,,https://drive.google.com/open?id=1fAe6q2WimWLyDtgEjLgtBJUnEw90qJkx&usp=drive_copy,,,,
MP,AW,MP037,Dhamnod,Active ,29-Jan-2026,1-Dec-2025,1-Nov-2026,11 months,"26,250","25,000",,-,,,https://drive.google.com/file/d/17fDTPrtyrDC77PvHgK9gmRbAHQPQJ5aW/view?usp=sharing,"Old AB Road, Behind Shankar Hospital, Dhamnod, Tehsil Dharampuri, Distt. Dhar 454552",Mayaram ,Anil son of Mayaram-9424522752,1 month,,https://drive.google.com/file/d/13uZ9rMN-6JBqABsWVLwYfEhZQF0oDjkm/view?usp=sharing,,24-03-2026,ShopEst_RegCert_PartK Dharmpuri.pdf,https://drive.google.com/file/d/1SoIWcSBYW2KrW1Oi2MoOxq8C9pnaV_lz/view?usp=drive_link,"Old AB Road, Behind Shankar Hospital, Dhamnod, Tehsil Dharampuri, Distt. Dhar PIN CODE -454001",Updated in portal and drafted ,,,https://drive.google.com/open?id=1iMg96k56XBXJIB81FFTcVzV8BnlcsG_r&usp=drive_copy,,YES,45_DAYS,
RJ,AW,RJ028,Jhunjhunu,Active ,,1-Jun-2026,30-Apr-2027,11 months,"25,358",0,,-,,,https://drive.google.com/file/d/1ffUD_-GnAccPHlpRSXrsh3zQ5cUKW3RI/view?usp=drive_link,"Shop no 01, plot no 233 Golai mod, Bajaj Agency k paas Jhunjhunu, Rajasthan, 333001",Manju Verma,9414003449,1 month,https://drive.google.com/file/d/1C8oIC3t0UVmxMLCAK8zTZT0y2mwk-zsK/view?usp=sharing,https://drive.google.com/file/d/1kFU_W6VrLpOpQ1pbnzQFUbXAn78deYQF/view?usp=sharing, ,05-08-2025,Jhunjhunu S&E Certificate.pdf,https://drive.google.com/file/d/1V1rdXi6B0NqhNEV3i9c84gSxLX9VsI9A/view?usp=drive_link,,,,,https://drive.google.com/file/d/1AP0IjtmICmp8wFxgF9eX0EhpfuAgc9Pj/view?usp=sharing,,,,
MP,AW,MP036,Pachore,Active ,1-Feb-2025,22-Dec-2025,21-Nov-2026,11 months,"15,750","15,000",,-,,,https://drive.google.com/file/d/1em3N19TXJDKIzmLwEIEZ8yWhOTUTUUJl/view?usp=drive_link,"Shop oppsite to SK Finance Office Pachore, Biorah Madhya Pradesh 465683",Sitaram Hajarilal Goyal,,1 month,,https://drive.google.com/file/d/13uZ9rMN-6JBqABsWVLwYfEhZQF0oDjkm/view?usp=sharing,,20-03-2026,Pachore Shop & Estblishment.pdf,https://drive.google.com/open?id=1KHr4S26kq-3K37TxRcPFS2f3FD-6mSmi&usp=drive_copy,,,,,,,YES,90_DAYS,
RJ,AW,RJ027,Pali,Active ,,1-Aug-2026,31-Jul-2027,11 months,"16,500","15,000",,-,,,https://drive.google.com/file/d/1PMLU8k5TGHiadWb35rcvMizEFKLCywoY/view?usp=sharing,"Shop No.-1, Sumerpur Road, Pali, Rajasthan, -306401",Smt. Kalpna Jain,9414120553,2 month,,https://drive.google.com/file/d/1kFU_W6VrLpOpQ1pbnzQFUbXAn78deYQF/view?usp=sharing,,05-08-2025,SCA_2025_22_132538_Certificate pali.pdf,https://drive.google.com/file/d/1KLNAQxNFWh9aTpCFCFaUcNqtAbm3ljzd/view?usp=drive_link,,,1,,https://drive.google.com/file/d/1uxjcqR9M-8EUQARNN02psnHOkHT-TgZX/view?usp=drive_link,,,,
MP,AW,MP035,Jabalpur,Active ,,13-May-2026,12-Apr-2027,11 months,"47,250","35,000",,-,,,https://drive.google.com/file/d/1HpkS4ka9FCJCpgnPVF58MB_cMl6SfO98/view?usp=sharing,"Opposite Anmol Parishar, Katangi Bypass Road Jabalpur Madhya Pradesh – 482002 ",FOOLA BAI SAHU,7389224463,1 month,,https://drive.google.com/file/d/13uZ9rMN-6JBqABsWVLwYfEhZQF0oDjkm/view?usp=sharing,,06-09-2025,ShopEst_RegCert_jabalpur.pdf,https://drive.google.com/file/d/1B0m4FAjuvzgTPx08vC2gmBcjNeBZ-DM1/view?usp=drive_link," Katangi Bypass Road, Opposite Anmol Parishar, Dist- Jabalpur,  Madhya Pradesh pincode - 482002",,,,https://drive.google.com/open?id=1ScjIvqAwaCGS5_lkB8wFFGoVeKApdgeP&usp=drive_copy,,,,
RJ,AW,RJ026,Rawatsar,Active ,,1-Jul-2025,31-May-2026,11 months,"22,050","21,000",,-,,,https://drive.google.com/file/d/1v9sah_qriC2r-zUmgouRnHCeFI2Z-4ur/view?usp=drive_link,"Ward No.-17, Near Police Station, Rawatsar, Distrct Hanumangarh, Rajasthan 335524",Smt. Jasvinder Kaur,94145 10303,1 month,,https://drive.google.com/file/d/1kFU_W6VrLpOpQ1pbnzQFUbXAn78deYQF/view?usp=sharing,,05-08-2025,Rawatsar S&E Certificate.pdf,,,,,,https://drive.google.com/file/d/1LbcNQrq6A7ZGOrVpsfwcLNKCTTq6_glK/view?usp=sharing,,,,
MH,AW,MH010,Sangamner,Active ,,1-Jun-2026,30-Apr-2027,11 months,"22,050","20,000",,-,,,https://drive.google.com/file/d/1eolMgSpSSJI0lYayrf97FPb2R8DiSG89/view?usp=sharing,"Sangamner Nagar Road, Mahindra Showroom K paas, Sangamner, Maharashtra, India, 422605",Parvej Anwar Khan,9860791245,1 month,,https://drive.google.com/file/d/1fr9Qlsvz-S6Z-wN_U49ltwU-wlQgYBVo/view?usp=drive_link,,05-08-2025,SANGAMNER.pdf,https://drive.google.com/open?id=1fpMDjiiuDWp0EUxIFeCTYJypHhI0h00S&usp=drive_copy,,,10,,https://drive.google.com/open?id=1neLdm5tIwqwcxMW_Y5lcTiaobSvmAMnv&usp=drive_copy,,,,
MP,AW,MP034,Bhopal (Obaidullahganj),Active ,,1-Jun-2026,30-Apr-2027,11 months,"21,000","16,500",,-,,,https://drive.google.com/file/d/1TJJ3anEmok3RV5Pjnh1mhA1rDtyqqiWI/view?usp=sharing,"Shop No.-6,7,8, Bisankheda Byepass Road, Toll Plaza k pass, Hoshangabad Road, Obaidullaganj, Bhopal, Raisen, Madhya Pradesh-464993",Shri Akhilesh Yadav,7974172254,1 month,,,,05-08-2025,Pending,https://drive.google.com/file/d/1i6oYwxAjpCfQhsPAQqZ4t7AbsPkIl7eR/view?usp=drive_link,,,8,,https://drive.google.com/file/d/1YPi0sszQvI6edUbUvsBhqd9krBQuY58y/view?usp=sharing,,,,
MP,AW,MP033,Mandla,Active ,,1-Jun-2026,30-Apr-2027,11 months,"25,841","23,000",,-,,,https://drive.google.com/file/d/1N9I3vt7TrWEkono4Rs3GXzeH_aIf31hD/view?usp=sharing,"Gram post katra, Teshil and disctrict Mandla, Madhya Pradesh, 481661",Sharda Sahoo,94078 66798,1 month,,https://drive.google.com/file/d/13uZ9rMN-6JBqABsWVLwYfEhZQF0oDjkm/view?usp=sharing,,05-08-2025,NA,https://drive.google.com/file/d/1jWWZz9VgUM4HEgXnWKWYfJtYZkgGqqqS/view?usp=drive_link,,,,,https://drive.google.com/file/d/1YZT8jouH0hYsOVpGpq8PAGI5AvXf8X77/view?usp=drive_link,,,,
RJ,AW,RJ025,Jalore,Active ,,6-Jun-2026,5-May-2027,11 months,"7,718","7,300",,-,,,https://drive.google.com/file/d/1knjiOGay48tgVfNKzXGQjO6JR0rdeivp/view?usp=sharing,"Jodhpur Road, In front of Jain Mandir, Mahindra Showroom, Ahore (Jalore), Rajasthan, 307029",Shri Kana Ram,9960796115,1 month,,https://drive.google.com/file/d/1kFU_W6VrLpOpQ1pbnzQFUbXAn78deYQF/view?usp=sharing,,05-08-2025,Jalore S&E Certificate.pdf,https://drive.google.com/file/d/1FjaP1zm6omASMZwUhGrp0x-WqHJHZBTd/view?usp=drive_link,,,,,https://drive.google.com/file/d/1UnFHy4F4E1GTB58KetQoexqnWGn5NtVw/view?usp=drive_link,,,,
RJ,AW,RJ024,Baran,Active ,,10-Jun-2026,9-May-2027,11 months,"34,729","30,000",,-,,,https://drive.google.com/file/d/1CKcDubKmAohOhyRV99yQ67cRc_9badbu/view?usp=sharing,"Near Massey Tractor Showroom, Atru Road, Baran Rajasthan 325218",GYAN CHATURVEDI,9950133899,1 month,,https://drive.google.com/file/d/1kFU_W6VrLpOpQ1pbnzQFUbXAn78deYQF/view?usp=sharing,,06-09-2025,Baran_SCA_2023_28_132615_Certificate.pdf,https://drive.google.com/file/d/1tGVoF-9cbYZ2ef9MoRZWVdpLXbmgYFNn/view?usp=drive_link,,,,,https://drive.google.com/open?id=1CFXyLbBOqKWfBVZJxGQPS43ycBYl4EXo&usp=drive_copy,,,,
MP,AW,MP032,Dewas,Active ,,2-Jun-2026,1-May-2027,11 months,"54,698","2,00,000",,-,,,https://drive.google.com/file/d/14a-jlkzgdcpUg8YDiSZ2qYUlrwE5FWK0/view?usp=sharing,"Bilawali Opposite Indian Oil Pump, AB Road, Dewas MP 455001",Ravindra Singh,8818974882,1 month,,https://drive.google.com/file/d/13uZ9rMN-6JBqABsWVLwYfEhZQF0oDjkm/view?usp=sharing,,30-04-2026,ShopEst_RegCert_PartK Dewas.pdf,https://drive.google.com/file/d/1aBdfKhGJc3Y_F0P1pXeaWBKys7ag8kOA/view?usp=drive_link,,Already upload and approved ,12,,https://drive.google.com/file/d/1dS7WiqSTkqwVPARyvlTLVu4O0aJyP67B/view?usp=sharing,,,,
RJ,AW,RJ023,Hanumangarh New ,Active ,1-Feb-2026,1-Feb-2026,1-Jan-2027,11 months,"49,875","49,875",,-,,,https://drive.google.com/file/d/1wqQVDcdzKUlOeXPdyJAez0HucaqmGarN/view?usp=sharing,"Plot no. 6,7,8 Near Peer Khana, Setiya Colony, Bhagwan Mahavir Marg, Hanumangarh Town, Rajasthan 335513",Simarjeet Kaur Saran,,1 month,,,,23-03-2026,HanumanGarh CertificateSCA_2024_32_132642.pdf,https://drive.google.com/open?id=1Alybuu88CZKEISleVTqOI00k38oTnHgN&usp=drive_copy,,,,,,,,,
RJ,AW,RJ022,Sikar,Active ,,10-Jan-2026,10-Dec-2026,11 months,"66,550","50,000",,-,,,https://drive.google.com/file/d/1WXsRzNa4xSRGhYTzleagmZvCOfrDsRwg/view?usp=sharing,"Near Circuit House, Jaipur-Sikar Road, Sikar 332001",Santosh Devi,9549652250,1 month,,https://drive.google.com/file/d/1kFU_W6VrLpOpQ1pbnzQFUbXAn78deYQF/view?usp=sharing,,30-04-2026,Sikar_SCA_2023_23_132915_Certificate.pdf,https://drive.google.com/file/d/10b5KnUAaJ9T8hNY5Uf0FdmEKbZL25kkU/view?usp=sharing,,,,,https://drive.google.com/open?id=1rnrERDSMgi-4HtrvZRJIbxyO9_mWdv2q&usp=drive_copy,,YES,90_DAYS,
Tel,AW,TL002,Karimnagar,Active ,1-Mar-2025,1-Feb-2026,31-Dec-2026,11 months,"39,900","38,000",,-,,,https://drive.google.com/file/d/1H5WEwMLKSNzdTax0yE9-P5_a16P0WfJ1/view?usp=sharing,"8-7-322, Main Road, Kothirampur, Telangana 505001",Koonasamatha,,1 month,,https://drive.google.com/file/d/1IGfEOkGUzanv_lm6jEgSBYojC_trsbW2/view?usp=drive_link,,12-06-2026,Karimnagar S-E Certificate.pdf,Karimnagar.pdf,,,,,,,,,
RJ,AW,RJ021,Ajmer-lll,Active ,23-Jan-2026,1-Nov-2025,1-Oct-2026,11 months,"15,750","15,750",,-,,,https://drive.google.com/open?id=1X26Wl5C6CI4ISC4JwqvCHHIwBuwwgC3z&usp=drive_copy,"Jaipur Road NH-8, Parle-G Warehouse Road, Near Tata Cargo Motors, Sedaria, Ajmer, Rajasthan 305025",Manoj Airan HUF,9829072225,1 month,,,,23-03-2026,N/A,,,,,,https://drive.google.com/file/d/1dQzJMDU9vteP2QeYMDDl5-f5HvSNaWLI/view?usp=sharing,,YES,14_DAYS,
RJ,AW,RJ020,Balotra ,Active , ,1-Jan-2026,30-Nov-2026,11 months,"26,250",25000,,-,,,https://drive.google.com/file/d/1KuG8ROfMP1CO5UXAWvnEww4syTqjdqBe/view?usp=drive_link,"Pachpadara road , Balotra Land mark - Atteched tafe Tractor dealership 344022",Karna Ram,,1 month,,,,23-03-2026,,https://drive.google.com/open?id=1CnM1apgdMXAa5tH0q22hwsBh1PZNaTHo&usp=drive_copy,,,,,,,YES,90_DAYS,
MP,AW,MP031,Damoh,Active ,,11-Jun-2026,10-May-2027,11 months,"14,333","13,000",,-,,,https://drive.google.com/file/d/1YS8uyGE_IAaL4eoE4rbO90DUrUz7A5cr/view?usp=sharing,"Near Bibal College, Aam Chaupra Chaupra Roosal Damoh, Jabalpur road, Madhya Pradesh, 470771",Shubham Chobe,8770278451,1 month,,https://drive.google.com/file/d/13uZ9rMN-6JBqABsWVLwYfEhZQF0oDjkm/view?usp=sharing,,06-09-2025,ShopEst_RegCert_PartK damoh.pdf,https://drive.google.com/file/d/1wqszIKpYuThN8QkTQT4p5s-V72z9kT2J/view?usp=drive_link,,,,,https://drive.google.com/file/d/1wqszIKpYuThN8QkTQT4p5s-V72z9kT2J/view?usp=sharing,,,,
Tel,AW,TL003,Suryapet,Active ,1-Mar-2025,1-Feb-2026,31-Dec-2026,11 months,"13,650","13,000",,-,,,https://drive.google.com/file/d/1nBXwKCvd4gr_mWqclNTPrEGSRvK961ON/view?usp=sharing,"1-8-64/7/3, Approach Road, NH-65, (Hyderabad Vijaywada National High way) Suryapet Andhra Pradesh 508213",Shaik Ramjanbi,,1 month,,https://drive.google.com/file/d/1IGfEOkGUzanv_lm6jEgSBYojC_trsbW2/view?usp=drive_link,,12-06-2026,suryapet  S-E.pdf,https://drive.google.com/open?id=1bLEFj3yzXllI65ZeH9SW6TvvUbqrzP3G&usp=drive_copy,,,,,,,,,
MP ,AW,MP030,Shujalpur,Active ,1-Jan-2026,1-Feb-2026,1-Nov-2026,11 months,"23,100","20,000",,-,,,https://drive.google.com/file/d/1zUXzUroQ7YNGgHeY6LR3DXUSty9yIyJ5/view?usp=drive_link,Aashta road  Aman resident ka samne Rudraksh garden ke pass freeganj shujalpur Mandi Madhya Pradesh 465333,Durga Devi Yadav, 99773 31120,1 month,,,,20-03-2026,Pending,https://drive.google.com/open?id=1WbgBhiuje4ogQq9CsVvQXxoDT4OhVHmQ&usp=drive_copy,,,,,,,YES,45_DAYS,
MH,AW,MH009,Nasik,Active ,4-Feb-2025,4-Feb-2026,3-Jan-2027,11 months,"36,750","70,000",,-,,,https://drive.google.com/file/d/1DL0JIp1ZmoohK2OzYK0m0-4au55vY7c1/view?usp=sharing,"Plot No. 6, Vithoba Niwas, Aurangabad Road, Nasik, Maharashtra 422101",Nimase Ashok Vithoba,,1 month,,https://drive.google.com/file/d/1fr9Qlsvz-S6Z-wN_U49ltwU-wlQgYBVo/view?usp=drive_link,,20-03-2026,Nashik NEW S - C.pdf,https://drive.google.com/open?id=1721PPNEXJaMXJQ5CEyrxNt2xUcBOPxR7&usp=drive_copy,,,,,,,,,
MP,AW,MP029,Nasrullaganj,Active ,4-Jul-2025,3-Jun-2026,1-May-2027,11 Months,"26,250","25,000",,-,,,https://drive.google.com/file/d/13K_nZdujWZOIzqSxcZkYl4LPL98isX_J/view?usp=sharing,"Opposite sarvmanglam garden, indore road, nasrullaganj",Jaswant Singh,,1 month,,https://drive.google.com/file/d/13uZ9rMN-6JBqABsWVLwYfEhZQF0oDjkm/view?usp=sharing,,,Pending,https://drive.google.com/file/d/1Zkxv2IwZJs-51-dxsU1bmIOVJCIHvpTr/view?usp=drive_link,,,,,,,,,
MP,AW,MP028,Hatpipliya,Active ,4-Jul-2025,4-Jun-2026,3-May-2027,11 Months,"15,750","30,000",,-,,,https://drive.google.com/file/d/1EcMzBwmNTbKRXSTfKe7XyFdoNAE-9b3o/view?usp=sharing,"Hatpipliya, Dewas, Ward no. 02, Dewas marg",Sanjay kumar chauhan,,3 months,,https://drive.google.com/file/d/13uZ9rMN-6JBqABsWVLwYfEhZQF0oDjkm/view?usp=sharing,,,Pending,https://drive.google.com/file/d/1cF4dSG4WJ5F2GhNwktOoSLxqT1gi20Jx/view?usp=drive_link,,,,,,,,,
RJ,AW,RJ019,Raisinghnagar,Active ,1-Sep-2025,1-Aug-2026,30-Jun-2027,11 Months,"13,200","12,000",,-,,,https://drive.google.com/file/d/1XLDmt-HnQsKmmvIO6rEXDGthZEAAZ-ZM/view?usp=sharing,"Shop no. 11,12 Tehsil Raisingh Nagar     ",Hariram Kaswa,,1 month,,,,,Raisingnagar.jpeg,https://drive.google.com/open?id=1SS59DVh8UwHl-H3BEdKDpTOiroQEsIGf&usp=drive_copy,,,,,https://drive.google.com/file/d/1UczT7-EQUG7SJvQIHTa9Vwfpoiftr7tj/view?usp=drive_link,,,,
MP,AW,MP027,Neemuch,Active ,6-Aug-2025,6-Aug-2025,5-Jul-2026,11 Months,"23,600","20,000",,-,,,https://drive.google.com/file/d/1_xR6eHp6If_7Ubn8_9CEv-v4y49lBjXt/view?usp=drive_link,"Shop no. 6, near Reliance pump, Mahu road, Neemuch - 458441",Ravi Rai Dua,,1 month,,https://drive.google.com/file/d/13uZ9rMN-6JBqABsWVLwYfEhZQF0oDjkm/view?usp=sharing,Need to vacate the property,,neemuch MP.pdf,,,,,,,,,,
GJ,AW,GJ005,Himmatnagar,Active ,1-Sep-2025,1-Aug-2026,30-Jun-2027,11 Months,"21,000","20,000",,-,,,draft shared for execution,"Survey No. 87, Plot No. B, Parbara, Himmatnagar, Idar Bypass Road, Sabarkantha Distt. Gujarat 383220",Masi Rafiq Ahmed ,7016945147,1 month,,https://drive.google.com/file/d/19uy7-DOTPWari85yGgDy1O2E1qXNH5q8/view?usp=drive_link,,01/09/2025,Himmatnagar.pdf,,,,,,https://drive.google.com/open?id=1B_DGe4KSgy6jfDGgR-dIuIno1tQMd-OI&usp=drive_copy,,,,
MP,AW,MP026,Vidisha,Active ,5-Sep-2025,12-Aug-2026,11-Jul-2027,11 Months,"38,500","35,000",,-,,,https://drive.google.com/file/d/10W0gzPbmjNZ-rdLWISMm17J_CACunnLC/view?usp=sharing,"Showroom near Sagar Road, Mirzapur, Vidisha MP 464001",Arun Dangi,,1 month,,https://drive.google.com/file/d/13uZ9rMN-6JBqABsWVLwYfEhZQF0oDjkm/view?usp=sharing,,,Pending,,,,,,https://drive.google.com/file/d/18UgTYo01yshYpXgNuswvtANsADVMxfcz/view?usp=drive_link,Date will be changed in agreement as 12/08/2026 to 11/07/2027 -intimated to Ganesh on 14.09.26,,,
CG,AW,CG003,Kawarda,Active ,9-Sep-2025,9-Aug-2026,8-Jul-2027,11 Months,"21,000","40,000",,-,,,https://drive.google.com/file/d/1puHPPTQBl6GrQeP4OrB9YChiu4HhYhIU/view?usp=sharing,"Bypass Road Opp. Radiance Hospital, Kawardha, Dist. Kabirdham, Chattisgarh 491995",Narottam Singh Thakur,,1 month,,https://drive.google.com/file/d/1bNnXacUqfmOsx5p_FKa6ZAv_0LWFjdUH/view?usp=sharing,NA,,Pending,,,,,,https://drive.google.com/file/d/1sEqigZDJ-UAQ_2EaG_Lnjb5VnHO39tFQ/view?usp=drive_link,,,,
MP,AW,MP025,Malwa-aagar,Active ,15-Sep-2025,15-Sep-2025,14-Aug-2026,11 Months,"9,000","9,000",,-,,,https://drive.google.com/open?id=1NpEJ-scVfObelacxPZ9DcDT0XYgLW11Z&usp=drive_copy,"Shop opposite to Mesi Tractor showroom, Barod Road, Aagar, MP 465441",Malkhan Singh,,1 Month,,https://drive.google.com/file/d/13uZ9rMN-6JBqABsWVLwYfEhZQF0oDjkm/view?usp=sharing,,,Pending,,,,,,,,,,
RJ,AW,RJ018,Lunkaransar,Active ,1-Oct-2025,1-Oct-2025,31-Aug-2026,11 Months,"28,000","28,000",,-,,,https://drive.google.com/file/d/10E03IhDTAmUMT5iMnus42OfFXu3MhUNo/view?usp=drive_link,"Kalu Road, Near Anaj Mandi Attached Bajaj Motorcycle, Lunkaransar, Rajasthan 334603",Manju Lata Sarda,,1 Month,,,,,Lunkaransar.jpeg,,,,,,https://drive.google.com/file/d/10E03IhDTAmUMT5iMnus42OfFXu3MhUNo/view?usp=drive_link,,,,
RJ,AW,RJ017,Nokha centre,Active ,1-Oct-2025,1-Oct-2025,31-Aug-2026,11 Months,"20,000","10,000",,-,,,https://drive.google.com/file/d/1wikKmQ2S9YYoY57imwuNXquisolhCe1p/view?usp=drive_link,"Khasra No. 388, Sujangarh Road Near New Holland Tractor Agency Nokha Rajasthan 334803",Kishan Lal Jaat,,1 Month,,,,,Nokha.jpeg,,,,,,https://drive.google.com/file/d/1wikKmQ2S9YYoY57imwuNXquisolhCe1p/view?usp=drive_link,,,,
MP,AW,MP024,susner,Active ,7-Nov-2025,7-Nov-2025,6-Oct-2026,11 Months,"18,000","18,000",,-,,,https://drive.google.com/file/d/14UyBGHwZyZ5X_urC_-jCTcCCSy8s4Vt7/view?usp=drive_link,"Shop near BSNL Tower, Distt. Susner, Aagar Road, Malwa, Madhya Pradesh 465447",Rana Anurudh Singh,,1 Month,,,,,Pending,,,,,,,,YES,14_DAYS,
RJ,AW,RJ016,Bhadra,Active ,1-Dec-2025,1-Dec-2025,21-Oct-2026,11 Months,"15,000","22,500",,-,,,https://drive.google.com/file/d/18Q7WqKQYIPtmCkdkPm4q3CdDIgcoMqub/view?usp=drive_link,"Bhadra Bus stand - Hisar Road , Near Swaraj Tractor Agency, Rajasthan 335501",Sadam Hussain,,1 Month,,,,,Bhadra.jpeg,,,,,,,,YES,45_DAYS,
GJ,AW,GJ004,Dehgam,Active ,15-Dec-2025,15-Dec-2025,14-Nov-2026,11 Months,"20,000","20,000",,-,,,https://drive.google.com/file/d/1AE45xjt6aGORKIPF5lo_A92HdhLu-mBV/view?usp=drive_link,"Palaiya Bayad Road, Palaiya Chokdi, Village- Palaiya, Dehgam, Ta- Dehgam, Dist.- Gandhinagar, Gujarat, Pincode- 382305",Manharbhai Ambalal Patel,9898998160,1 Month,,https://drive.google.com/file/d/19uy7-DOTPWari85yGgDy1O2E1qXNH5q8/view?usp=drive_link,,,Dehgam.pdf,,,,,,,,YES,90_DAYS,
MP,AW,MP023,Ashoknagar,Active ,15-Dec-2025,15-Dec-2025,14-Nov-2026,11 Months,"26,000","26,000",,-,,,https://drive.google.com/file/d/157cYAKZVnz_w2yjOjscmH_FSR1ed3zdc/view?usp=drive_link,"Guna Road, 22062 Ashok Nagar Madhya Pradesh 473331",Sunil Kumar Jain,,1 Month,,https://drive.google.com/file/d/13uZ9rMN-6JBqABsWVLwYfEhZQF0oDjkm/view?usp=sharing,,,Pending,,,,,,,,YES,90_DAYS,
RJ,AW,RJ015,Ganganagar,Active ,15-Dec-2025,15-Dec-2025,14-Nov-2026,11 Months,"45,000","45,000",,-,,,https://drive.google.com/file/d/1g_eVY6X4UhDfdCNVX8UJMy33HlBfy23D/view?usp=drive_link,"B-13 Tractor and automobile market suratgarh road, Ganganagar Rajasthan 335001",Aadil Sethia,,1 Month,,,,,NA,,,,,,,,YES,90_DAYS,
CG,AW,CG002,Kawarda (Yard),Active ,1-Jun-2026,1-Jun-2026,30-Apr-2027,11 Months,"15,000","15,000",,-,,,https://drive.google.com/file/d/1j1scFUSOoGkUmHKmNxVuh-JcN3y3GML6/view?usp=drive_link,"House no.38, Sheetla, ward no.19, Kawardha, Chhattisgarh-491995",Narottam Singh Thakur,,1 month,https://drive.google.com/file/d/14Kat987N80zyK4XBH8CMzYHPGEph6q-j/view?usp=drive_link,https://drive.google.com/file/d/1bNnXacUqfmOsx5p_FKa6ZAv_0LWFjdUH/view?usp=sharing,,,Pending,,,,,,,,,,
MP,AW,MP022,Seoni (Yard),Active ,4-Jun-2026,4-Jun-2026,3-May-2027,11 Months,"5,000","15,000",,2  Months,,,https://drive.google.com/file/d/1qf_N_YB34L8QHfkZ-YFHv4mm3Clr6ENj/view?usp=sharing,"Infront of IPS School, Jabalpur road, lugharvada,seoni, Madhya Pradesh ",Satendra Baghel,,1 month,,https://drive.google.com/file/d/13uZ9rMN-6JBqABsWVLwYfEhZQF0oDjkm/view?usp=sharing,,,Pending,,,,,,,,,,
RJ,AW,RJ014,Alwar-Yard,Active ,1-Dec-2025,1-Dec-2025,31-Oct-2026,11 months,"10,418",,,-,,,https://drive.google.com/file/d/1hpkS8fQN3Q4V0ga6zpVMQoD5TAzI3ZlZ/view?usp=drive_link,"Plot No 5, 200 ft Road, Alwar Rajasthan 301001",Meenakshi Sharma,9990481066,1 month,,,,05-08-2025,https://drive.google.com/file/d/11Oku0Qbu1UQXQgwOuXPXNG1td5qtFR-6/view?usp=drive_link,https://drive.google.com/file/d/1NPhfx4szGF0pnIRVPSXQWUGjuRy28v4i/view?usp=sharing,,,9,,Aw_yard_rent_deed_24_meenakshi.pdf,,YES,45_DAYS,
MP,AW,MP021,Dewas Godown (Yard),Active ,,6-May-2026,5-Apr-2027,11 months,"11,025","30,000",,2 Months,,,https://drive.google.com/file/d/10VKs1piDSU6lAWOBSNWPczQcTEkj-uU1/view?usp=sharing,"Bilavali In front of Indian Oil Pump, A. B. Road, Dewas, Madhya Pradesh 455001",Ravindra Singh,8818974882,1 month,https://drive.google.com/file/d/1TnW59AG7DNvYPov8H3fy0zIluZNTpOiS/view?usp=drive_link,https://drive.google.com/file/d/13uZ9rMN-6JBqABsWVLwYfEhZQF0oDjkm/view?usp=sharing,,08-04-2025,NA,https://drive.google.com/file/d/107FzCSrGGQJEeJEDtsjP3qBDFmGyIei3/view?usp=sharing,,Updated in portal and drafted ,5,,Rent Agreement Dewas Yard.pdf,,,,
MP,AW,MP020,Malwa-aagar (Yard),Active ,7-Feb-2025,7-Jan-2026,6-Dec-2026,11 months,"22,000","22,000",,-,,,https://drive.google.com/file/d/1f87EUSBcLk9g9dOlkl2OgjugZHVN4qWI/view?usp=drive_link,"Shop opposite to Mesi Tractor showroom, Barod Road, Aagar, MP 465441",Hakam Singh,,1 month,,https://drive.google.com/file/d/13uZ9rMN-6JBqABsWVLwYfEhZQF0oDjkm/view?usp=sharing,,23-03-2026,Pending,https://drive.google.com/file/d/1K_b--7_PLRiN0Wv47Io-NuTPBmPK4TDs/view?usp=sharing,,,,,,,YES,90_DAYS,
GJ,AW,GJ006,Dabhoi,CLOSED,1-Jan-2026,1-Jan-2026,30-Nov-2026,11 Months,"22,000","22,000",,-,,,https://drive.google.com/file/d/11ySL4Omsi-fFHKSRERFdmiJQlVg8JYl0/view?usp=drive_link,"शॉप नंबर 447, 447/1, संगम विलेज वेगा तालुका दभोई , डिस्ट .- वड़ोदरा , गुजरात, पिन कोड-391110",Mitaben Patel and Patel Kinjankumar,,1 Month,,https://drive.google.com/file/d/19uy7-DOTPWari85yGgDy1O2E1qXNH5q8/view?usp=drive_link,,,Pending,,,,,,,This centre has been shifted to new place and on same name (Relocate) on 15th July.,YES,90_DAYS,
CG,AW,CG001,Pithora,CLOSED,1-Feb-2026,1-Feb-2026,31-Dec-2026,11 Months,"15,000","15,000",,-,,,https://drive.google.com/file/d/1hIyQ7Mr_GLtEElyRWnytHeA6q6-QVJXs/view?usp=drive_link,"Lehrod Padav chowk, Thana/Tehsil Pithora, Mahasamund, Chattisgarh 493551",Aatma Yadav ,,1 Month,,,31.07.2026 (Termination sent),,Pending,,,,,,,,,,
GJ,AW,GJ003,Centre rent agreement renewal not executed but rnet has been paid till september,CLOSED,20-Feb-2025,20-Feb-2025,19-Jan-2026,11 months,"20,000","20,000",,-,,,,"Plot No. 9, Sub Plot No. 9D, Survey No. 222/1, Khata No. 5838, Visnagar Ambaji Highway Road, Visnagar, District Mehsana, Gujarat 384315",Rajendra Luvjibhai Chaudhry,,1 month,,,Closed,12-06-2026,https://drive.google.com/file/d/1eRZwe53nOL5on6N0hywWg_v-j0fddQRx/view?usp=drive_link,Rent Agreement Visnagar.pdf,,,,,,,,,
MP,AW,MP019,Tikamgarh,CLOSED,,45931,46265,11 months,"15,000","14,000",,-,,,https://drive.google.com/file/d/1NI27rEpmigbuzAnQXYLsWUcIbqljohlZ/view?usp=drive_link,"Showroom Near Sardar Singh B.Ed College, Jatara Road, Tikamgarh, MP 472118",Smt Shama Bano,,1 month,,,,05-08-2025,Tikammgarh Shop and Estblishment.pdf,https://drive.google.com/file/d/11_6KVuS0JzpnVF2Rt0U3cfo1JLfkfyLt/view?usp=drive_link,,,,,https://drive.google.com/open?id=1GFrzjKLC28k8PPp6XPf594EzVsBMkLwW&usp=drive_copy,,,,
MH,AW,MH008,Yeola,CLOSED,,45709,46072,11 months,"26,250","25,000",,-,,,,"121/1/B, Bahulgaon, KH, Yeola, Nasik, Bhabulgaon BK, Maharashtra,  pin code - 423401",Sanket Laxman Darade,7038388254,1 month,,,31-03-2026,19-05-2026,YEOLA SHOPS AND ESTABLISHMENT.pdf,https://drive.google.com/file/d/1q2LoqtJ62szb3fC8M0SH7rh7I0PX6E-Z/view?usp=drive_link,"121/1/B, Bahulgaon, KH, Yeola, Nasik, Bhabulgaon BK, Maharashtra, pin code -423401",updated on gst portal save in draft,4,,Yeola.pdf,,,,
MH,AW,MH007,Chikhli,CLOSED,,45748,46081,11 months,"32,550","62,000",,-,,,,Mauje chikhli Jalana Road Survey No. 191 Plot No. 123 Tehsil Chikhli Jila Buldana Maharashtra pin code -443201,Abharao Raghoji Kale and Vimlabai Abarav Kale,Sunil s/o Abharao- 9423703994,1 month,,,27.10.2025,18-05-2026,CHIKHLI CERTIFICATE .pdf,https://drive.google.com/file/d/1DT6kqTdVOB7LF3EPiHUg9cUD3iCRFRo5/view?usp=drive_link,Mauje chikhli Jalana Road Survey No. 191 Plot No. 123 Tehsil Chikhli Jila Buldana Maharashtra pin code 443201,,,,Chikhli centre Rent Agreement.pdf,,,,
RJ,AW,RJ013,Ajmer - II,CLOSED,,01/08/2024,30/06/2025,11 months,"15,500","15,500",,-,,,," Beside Farmtrac Dealer, Ajmer Bypass, Sedariya, Rajasthan 305025",Ronika Jain,,1 month,,,15.09.2025 (confirmed on 14.05.26),N/A,NA,https://drive.google.com/open?id=1G_0wP1n8J4B01vLo9FeoyXzcDWZ_fWlL&usp=drive_copy,,,,,,,,,
MP,AW,MP018,Chhatarpur,CLOSED,7-Feb-2025,1-Feb-2025,31-Dec-2025,11 months,"12,000","12,000",,-,,,https://drive.google.com/file/d/1a2lSkFxOQ-liHttm9PnnD9iZ_zGevWR5/view?usp=drive_link,"Plot near Revault Showroom, Sagar Road beside For Seasons Hotel, Chattarpur, MP 471001",Salma Begum,8435082950,1 month,,,,20-03-2026,Chhatarpur S-E Certificate.pdf,Chattarpur rent agreement.pdf,,,,,,,,,
RJ,AW,RJ012,Sardarsahar,CLOSED,25-Feb-2025,01.03.2025,31-Jan-2026,11 months,"25,000","25,000",,-,,,,"Khasra No. 317/137, Near Reliance Petrol Pump, Motor Market, Ratangarh Road, Sardarasahar, Rajasthan 331403",Narayan Gehlot,,1 month,,,03.12.2025,23-03-2026,Sardarsahar Shop and Establishment Certifivcate-SCA_2025_10_132607_Certificate.pdf,Sardarshar rent agreement 1.pdf,,,,,,,,,
MP,AW,MP017,Dobra,CLOSED,1-Mar-2025,1-Mar-2025,31-Jan-2026,11 months,"20,000","20,000",,-,,,,"Near Maruti Showroom, Gwalior Jhansi Road, Balla ka Dera, District Gwalior, Dobra, MP 475110",Kalpana Gupta,,1 month,,,,,,Dobra MP.pdf,,,,,,,,,
GJ,AW,GJ002,Chiloda,CLOSED,1-Mar-2025,1-Mar-2025,31-Jan-2026,11 months,"13,000","13,000",,-,,,,"SHIHOLI, NEAR MOTA CHILODA, HIMATNAGAR HIGHWAY, TA & DIST- GANDHINAGAR, Gujarat 382355",Patel Navinchandra Devjibhai,,1 month,,,,12-06-2026,,Chiloda Rent Agreement.pdf,,,,,,,,,
MP,AW,MP016,Kurawar,CLOSED,14-Jul-2025,14-Jul-2025,13-Jun-2026,11 Months,"9,000","9,000",,-,,,,"Ward - 4, opposite keshav hotel, narsinghgarh road, kurawar mandi, Madhya pradesh, 466116",Mahesh Kumar,,1 month,,,,,,https://drive.google.com/file/d/1EDqdvvISa-2bk0QZ07Rxfuoz0faQkAMP/view?usp=drive_link,,,,,,,,,
MP,AW,MP015,Betul yard,CLOSED,16-Jul-2025,16-Jul-2025,15-Jun-2026,11 Months,"8,000","8,000",,-,,,,"House no. 3, Shiva gufa colony, Near RK hospital, Baroda Betul, Madhya Pradesh - 460001",Shravan Harode,,1 month,,,,,NA,Betul Yard New Rent Agreeement.docx,,,,,https://drive.google.com/file/d/1C1hnymANAXVeYGUTG416aNIzDj0_vNzR/view?usp=sharing,,,,
RJ,AW,RJ011,Chomu New,CLOSED,1-Sep-2025,1-Sep-2025,31-Jul-2026,11 Months,"21,000","21,000",,-,,,,"Khasra No. 664-665, Chomu Bypass roas, Tehsil Chomu, Jaipur, Rajasthan - 303702",Girdhari Lal Saini,,1 month,,,30.04.26 (termination notice sent as on 31.03.26),,,Signed Chomu.pdf,,,,,https://drive.google.com/file/d/1wN041Si0M71lDjKAMkSseKGDOwD7d0Lk/view?usp=drive_link,,,,
MP,AW,MP014,satna,CLOSED,1-Sep-2025,1-Sep-2025,30-Jul-2026,11 Months,"25,000","25,000",,-,,,,"Opposite civil line thana, satna panna main road satna, Tehsil raghurajnagar, jila satna, MP",Neeraj Agarwal,,1 month,,,31.03.26,,,https://drive.google.com/file/d/1rbfacrmJhEcIvjbQD3vpU4WBx3Gek9cz/view?usp=drive_link,,,,,,,,,
RJ,AW,RJ010,Kekri,CLOSED,15-Jun-2025,15-Jun-2025,14-May-2026,11 Months,"19,000","19,000",,-,,,,"Kota Road, Chungi Ke Paas, 305404",Giriraj Chowdhary,,1 month,,,31.03.2025 (effective date of closing),,,Signed Kekri.pdf,,,,,https://drive.google.com/file/d/1Oj6lGddbhVVd63RaKry0Pn6VKB2dUQ2T/view?usp=sharing,,,,
RJ,AW,RJ009,Nokha Yard,CLOSED,1-Apr-2025,1-Apr-2025,28-Feb-2026,11 Months,"5,000","5,000",,-,,,,"Khasra No. 2460, Sujangarh Road, Near Powertrack Agency, Nokha, Bikaner, Rajasthan 334803",Jagdish Jaat,,1 Month,,,,,,https://drive.google.com/file/d/1MW_5ceckADKriK5fWb35_LSJFaBQua3Q/view?usp=drive_link,,,,,https://drive.google.com/file/d/1MW_5ceckADKriK5fWb35_LSJFaBQua3Q/view?usp=drive_link,,,,
MP,AW,MP013,Bhopal,CLOSED,,1-Aug-2023,30-Jun-2024,11 months,"19,000","41,000",,-,,,,,Hemraj Yadav,9926237881,1 month,,,,06-09-2024,,https://drive.google.com/file/d/1nEaBKOQO53axR9C2tidHtcIoz2zhg4wB/view?usp=drive_link,,,7,,,,,,
RJ,AW,RJ008,Sarwad,CLOSED,,1-Dec-2023,31-Oct-2024,11 months,"7,000","20,000",,-,,,,"Near Chaman Chauraha, in front of Chauhan Krishi Seva Kendra, Jangid Market, Sarwad",Ram Karan Jangid,7597724005,1 month,,,,24-01-2025,,https://drive.google.com/file/d/1XK5EVHSd14etC3eXbwRf_g7HDcgwaAOA/view?usp=drive_link,,,,Closed confirmed by Krishna.,,,,,
MP,AW,MP012,Jabalpur 2nd,CLOSED,,1-Apr-2024,28-Feb-2025,11 months,"8,000","8,000",,-,,,,"House No.-182, Katangi road, Ward No.-2, Shaskiya School Gram Surat lie Dist. Jabalpur Madhya Pradesh",Virendra Kumar Patel, 76974 09521,1 month,,,,16-05-2025,,https://drive.google.com/file/d/1M0FAkiOC6M1pNb14mbUOjQH5Vz1N27fR/view?usp=drive_link,,updated on gst portal save in draft,6,,,,,,
MP,AW,MP011,Neemuch,CLOSED,,18-May-2026,28-Feb-2026,11 months,"16,500","15,000",,-,,,,"Mooh Neemuch Road near Reliance Petrol Pump, Neemuch, Madhya Pradesh 458441",Abdur Jabar Multani,Rum Malik-9589589296,1 month,,,,16-05-2025,neemuch ceritificate.pdf,https://drive.google.com/file/d/1-ZSgoPKgSSoCgm-96B6tlbOZqpw9BgE5/view?usp=drive_link,"Mooh Neemuch Road near Reliance Petrol Pump, Neemuch, Madhya Pradesh PIN CODE -458441",,9,,Neemuch Rent Agreement.pdf,,,,
MP,AW,MP010,Biora,CLOSED,,1-Jul-2024,31-May-2025,11 months,"33,705","32,100",,-,,,,"Old AB Road Near Madhumilan Factory Opposite Sanjivani Hospital Talauda Champapura Biaora, District Rajgarh",Lakhan Singh,9425898151,1 month,,,,09-09-2025,,https://drive.google.com/file/d/18MvaVkPC6hfeFS1OBziiYJmm2mIpWjp9/view?usp=drive_link,"Old AB Road Near Madhumilan Factory Opposite Sanjivani Hospital Talauda Champapura Biaora, District Rajgarh pin code 465674",updated in portal and drafted ,11,,,,,,
MP,AW,MP009,Katni,CLOSED,,25-Jul-2024,24-Jun-2025,11 months,"25,000","25,000",,-,,,,"Hem Nagar, Kotla, Panna Mod, Katni, Madhya Pradesh, 483501",Asha Sharma,9893359429,1 month,,,04.03.2025 (03.04.2025),05-08-2025,,https://drive.google.com/file/d/1ws7eweFmgQsrdpvmtYpplXkHuXPC0LQN/view?usp=drive_link,,,7,,,,,,
MP,AW,MP008,Bhind,CLOSED,,1-Dec-2024,31-Oct-2025,11 months,"14,000","14,000",,-,,,,"Opposite to Vishva Dharam Kanta, Gwalior Road, Bhind, Madhya Pradesh, 477001",Ramsnehi Sharma,,1 month,,,,05-08-2025,,https://drive.google.com/file/d/1KdxL9WxijU7J2qkfyn0wweRfwED-C2dP/view?usp=drive_link,,,6,,BHIND RENT AGREEMENT.pdf,,,,
MP,AW,MP007,Gwalior,CLOSED,,1-Aug-2024,30-Jun-2025,11 months,"35,000","35,000",,-,,,,"Jhansi Road, Durgesh Puri Gwalior Madhya Pradesh, 474002",Dharmendra Singh Tomar,97556 24422,1 month,,,26.06.2025,05-08-2025,,https://drive.google.com/file/d/1xtnKJxSI2_mu9PLHmk56nLbAgJelYAIr/view?usp=drive_link,,,,,,,,,
MP,AW,MP006,Panna,CLOSED,,1-Aug-2024,30-Jun-2025,11 months,"14,000",0,,-,,,,Plot No. 103 Satna Road Near Hero Showroom Panna Madhya Pradesh 488001,Hemlata Sharma,88786 36624,1 month,,,,05-08-2025,,https://drive.google.com/file/d/1bJhqPsJBp13MO-jm1plHUN-p5dcXl2wG/view?usp=drive_link,,,8,,,,,,
RJ,AW,RJ007,Hanumangarh,CLOSED,,8-Mar-2024,7-Feb-2025,11 months,"31,000","62,000",,-,,,,"Workshop and Transport Shopping Centre Johar Sarpalar Yojna Town junction Road, Hanumangarh Rajasthan",Dinesh and Dushyant Saraf,9828142130,1 month,,,,16-05-2025,https://drive.google.com/open?id=1vAnKOZ_goZsPJ_hbNmeH0bDIJFVIoNX6&usp=drive_copy,https://drive.google.com/file/d/1Ak2v5cH6AQYuaMTJVxmmKFAiu0skfvSn/view?usp=drive_link,,,,,https://drive.google.com/open?id=16Z48qhvHyOMVvY3sF371vdI1EVZ2sxSC&usp=drive_copy,,,,
MH,AW,MH006,Amravati old ,CLOSED,,1-Apr-2024,28-Feb-2025,11 months,"30,000","30,000",,-,,,,"Moje-Walgaon, Tehsil, District-amravati, Maharasthra",Sangita Pradeeep Chaudhary,9922600333,1 month,,,,16-05-2025,https://drive.google.com/open?id=1CHlJpcazVloU76zGHStCABu3TUgCfGmx&usp=drive_copy,https://drive.google.com/file/d/1kuwBp6ojBnG6rWW3eHezNioDlzUG7Lf_/view?usp=drive_link,"Survey no  808/2  plot no 1 Moje-Walgaon, Tehsil, District-amravati, Maharasthra pin code 444801",payment pending,,,,,,,
MP,AW,MP005,Umariya,CLOSED,,10-Aug-2024,9-Jul-2025,11 months,"16,000",,,-,,,,"Bhavani Petrol Pump k paas, Lalpur, Umariya, Madhya Pradesh, India, 484661",Rajesh Kumar Sachdev,,1 month,,,12.06.2025,05-08-2025,Umariya Shop and establishment.pdf,https://drive.google.com/file/d/1_12YaECaWVrkVfuMXmf0OJ1RvBOaAY2W/view?usp=drive_link,,,,,,,,,
RJ,AW,RJ006,Chittorgarh,CLOSED,,15-Apr-2024,14-Mar-2025,11 months,"18,900","54,000",,-,,,,Plot No.-15 and 16 Maharapratap colony in front of new court Kasba Seti Chittorgarh Tehsil Chittorgarh,Raghvendra Singh,7740863443,1 month,,,,06-02-2025,,https://drive.google.com/file/d/1N6G9h_OwjVA1CjS9vEfTNfs8GsDjuXtX/view?usp=drive_link,,updated on gst portal save in draft,,,,,,,
MP,AW,MP004,Shahdole,CLOSED,13-Dec-2025,1-Mar-2025,31-Jan-2026,11 months,"22,000","22,000",,-,,,,"Shop near ward no. 16,  Kotma Tiraha, Shahdole, MP 484001",Himanshu Agnihotri,9074737297,1 month,,,,,,Shahdol agreement stamp.pdf,,,,,,,,,
MH,AW,MH005,Nasik,CLOSED,,9-Jul-2024,8-Jun-2025,11 months,"48,400","1,00,000",,-,,,,"Shop No. 4, Vitthal Niwas, Sy No. 272/7, Plot No.1, Aurangabad Road, Opp. Indu Lawns Panchvati, Nasik",Nimse Shivaji Vithoba,9822287506,1 month,,,,08-04-2025,https://drive.google.com/file/d/1hBjLE0TW8LeCH1q3WWF7uECHh16xBGte/view?usp=drive_link,https://drive.google.com/file/d/1vBtwzkeqe49ki5DvNNw1EN0_gquPe6jI/view?usp=drive_link,"Shop No. 4, Vitthal Niwas, Sy No. 272/7, Plot No.1, Aurangabad Road, Opp. Indu Lawns Panchvati, Nasik-422003",Updated in portal and drafted ,2,,,,,,
RJ,AW,RJ005,Chomu,CLOSED,,1-Jul-2025,1-Jun-2026,11 months,"19,950","19,000",,-,,,,"Jaipur Sikar Road, Sonalika Tractor Showroom k Paas, Tehsil Chomu, Zilla Jaipur, Rajasthan, Pin code-303702 ",Suresh Pancholi, 89529 50097,1 month,,,,05-08-2025,,https://drive.google.com/file/d/1d77uh7B07Dr-8OPezMlgsUhZjOSl74Xj/view?usp=drive_link,,,,,Chomu agreement.pdf,,,,
GJ,AW,GJ001,Gandhinagar,CLOSED,1-Aug-2024,,30-Jun-2025,11 months,"30,000","50,000",,-,,,,"Shiholi Moti NH-8, Gautam Thresher, Gandhi Nagar, Gujrat, 382355",Patel Bharatkumar Ramabhai,9427304067,1 month,,,,05-08-2025,,Rent agreement Gandhinagar Gujrat.pdf,,,,,,,,,
AP,AW,AP001,Nani,CLOSED,1-Aug-2024,1-Aug-2024,30-Jun-2025,11 months,"21,000","63,000",,-,,,,"#7-2-15, Sai krishna Nagar, Eluru Road, Jangareddygudem, Eluru, District Andhra Pradesh-534447",Mohammed Azmatullah,,3 month,,,,05-08-2025,,https://drive.google.com/file/d/1q9EX-g5mOz518qCin3YqznwuIxILMpZw/view?usp=drive_link,,,,,,,,,
RJ,AW,RJ004,Bilada,CLOSED,,15-Aug-2024,14-Jul-2025,11 months,"12,000","12,000",,-,,,,"Jodhpur Road, Badganga Road, Petrol Krishi Farm, Bilada, Zila Jodhpur, Rajasthan, 342602",Smt. Pachi Devi,,1 month,,,,05-08-2025,Bilada S&E Certificate.pdf,https://drive.google.com/file/d/1q3SRNpZjq9bRO0vTYLX31Ng4QlTvEcqz/view?usp=drive_link,,,,,,,,,
MH,AW,MH004,Nasik,CLOSED,,16-Aug-2024,15-Jul-2025,11 months,"35,000","35,000",,-,,,,"Nilgiri, Bagesamor, Kailasnagar, Chatrapati, Sambhaji Nagar road, Panchvati, Nasik, Maharashtra-422003",Kailas Prabhuram Gupta,9422250530,1 month,,,,05-08-2025,NASHIK S&E.pdf,https://drive.google.com/file/d/1tBJ9tCd8HoD2bD1sTN33Ll9u9DqtWULh/view?usp=drive_link,,,3,,,,,,
RJ,AW,RJ003,Kekri,CLOSED,25-Oct-2024,5-Sep-2024,4-Jul-2025,11 months,"12,000","12,000",,-,,,,"Sawar Road, Near Maruti Showrrom, Gopal Pura, Kekri, Rajasthan 305404",Hemraj Jaat,,1 month,,,12.06.2025,,SCA_2025_1_132575_Kekri.pdf,Kekri Rent agreement.pdf,,,,,,,,,
RJ,AW,RJ002,Nokha ,CLOSED,,15-Jan-2025,14-Dec-2025,11 months,"15,000",,,-,,,,"Khasra No. 388, Sujangarh Road Near New Holland Tractor Agency Nokha Rajasthan 334803",Bharat Singh ,9610108992,1 month,,,12.09.2025,23-03-2026,,https://drive.google.com/open?id=1vOhPuIblSjdYY9pp6_QqN-ixCLNCZnqH&usp=drive_copy,,,,,,,,,
MH,AW,MH003,Amravati ,CLOSED,,1-Feb-2025,31-Dec-2025,11 months,"25,000","25,000",,-,,,,"Akola road, NH Highway No.-06, Badnera , Amravati MH-444701",Sunil Vijayrao Thakre ,97637 90740,1 month,,,,,AMRAVATI S&E.pdf,https://drive.google.com/open?id=1drfqXf6WA9Tj0Sv0K9-DFow3DslHBvtE&usp=drive_copy,,,,,,,,,
RJ,AW,RJ001,Dabok,CLOSED,1-Mar-2025,1-Mar-2025,31-Jan-2026,11 months,"18,000","18,000",,-,,,,"Mavli Road, Near Swaraj Tractor, Khasra No. 1889, Dabok, Udaypur, Rajsthan-313022",Madhu Singh Devre,,1 month,,,,,S&E not applicable,Dabok rent agreement.pdf,,,,,,,,,
MH,AW,MH002,Amravati,CLOSED,,1-Jun-2025,30-Apr-2026,11 Months,"25,000","50,000",,-,,,,"Valgaanv Road Amravati, Plot No. 57, Varvad, Maharashtra 444701",Indira Chakradhar Wange,9850363925/7775876511,1 month,,,,,,Rent Aggrem Amravati Center.pdf,,,,,,,,,
MH,AW,MH001,Akola,CLOSED,11-Nov-2025,12-Dec-2025,11-Nov-2026,11 months,"33,075","60,000",,-,,,https://drive.google.com/file/d/18fBcoJkRz7ZYW-c76IFScIEfOUZdKbLu/view?usp=drive_link,"New Ashok Vatika Nagar, Shivni, Teh. Dist. Akola, Maharashtra 444104",Raju Bhimrav and Aditya Raju,9527558488,1 month,,,Closing date: 30th June 2026,19-05-2026,AKOLA S&E.pdf,https://drive.google.com/file/d/1u0o0RTYmWyU_pWxLwZllgJDpZ0LsHizK/view?usp=drive_link,"Malamatta No-1898, Near Ashok Vatika Nagar, Shivani, Teh. Dist. Akola, Maharashtra-444104",payment pending,3,,Akola Agreement (2).pdf,,YES,45_DAYS,
MP,AW,MP003,Bareli,CLOSED,26-Jul-2025,1-Aug-2025,30-Jun-2026,11 Months,"20,000","20,000",,-,,,https://drive.google.com/file/d/1mVmPVnmhIyCfxQ8z2691a_EwRi8vEMjk/view?usp=drive_link,"Near Shivangi Hotel, Kamton road, Bariely - 464668",Hari Ram Ahirwar,,1 month,,,18.07.2026,,Pending,Bareli rent agreement.pdf,,,,,,,,,
MP,AW,MP002,Manasa,CLOSED,01.02.2026,1-Feb-2026,31-Dec-2026,11 Months,"16,500","16,500",,-,,,,,Arun Kumar Dhingra,,1 month,,,22.07.26,,Pending,https://drive.google.com/file/d/1auc7Uzt0zMn6QOaPUSlARGgPa46TN5Z8/view?usp=drive_link,,,,,,Utility bill received and checked.,,,
MP,AW,MP001,"Kareli, narsinghpur",CLOSED,28-Jul-2025,28-Jul-2025,27-Jun-2026,11 Months,"16,000","21,000",,-,,,,"Shop no. 2, Mauja narshingh ward, Kareli, 17/40, tehsil kareli, jila narsinghpur ",Asha Raghuwanshi,,1 month,,,30.06.2026,,Pending,https://drive.google.com/file/d/11nyQKVoMgQxjBkYO88rQf7g3pkl5YAyk/view?usp=sharing,,,,,,,,,